,du-id,measTimeStampRf,nrCellIdentity,throughput,x,y,availPrbDl,availPrbUl,measPeriodPrb,pdcpBytesUl,pdcpBytesDl,measPeriodPdcpBytes
0,1001,2021-07-02T13:09:28.328,c1/B2,0,0,0,273,273,10,0,0,10
1,1001,2021-07-02T13:09:28.328,c1/B13,0.285044461,0,0,75,75,10,34795,34795,10
2,1001,2021-07-02T13:09:28.328,c1/N77,0,0,0,100,100,10,0,0,10
3,1002,2021-07-02T13:09:28.328,c2/B2,0,-832,-555,273,273,10,0,0,10
4,1002,2021-07-02T13:09:28.328,c2/B13,0,-832,-555,100,100,10,0,0,10
5,1002,2021-07-02T13:09:28.328,c2/N77,0.928367376,-832,-555,273,273,10,113326,113326,10
6,1003,2021-07-02T13:09:28.328,c3/B2,0,-139,-1109,100,100,10,0,0,10
7,1003,2021-07-02T13:09:28.328,c3/B13,0.356365412,-139,-1109,75,75,10,43501,43501,10
8,1003,2021-07-02T13:09:28.328,c3/N77,0.27233991,-139,-1109,100,100,10,33244,33244,10
9,1004,2021-07-02T13:09:28.328,c4/B2,0,832,-555,273,273,10,0,0,10
10,1004,2021-07-02T13:09:28.328,c4/B13,0,832,-555,100,100,10,0,0,10
11,1004,2021-07-02T13:09:28.328,c4/N77,0,832,-555,75,75,10,0,0,10
12,1005,2021-07-02T13:09:28.328,c5/B2,0.367892027,832,555,75,75,10,44908,44908,10
13,1005,2021-07-02T13:09:28.328,c5/B13,0,832,555,75,75,10,0,0,10
14,1005,2021-07-02T13:09:28.328,c5/N77,0.75,832,555,273,273,10,91552,91552,10
15,1006,2021-07-02T13:09:28.328,c6/B2,1.178766727,0,1109,273,273,10,143892,143892,10
16,1006,2021-07-02T13:09:28.328,c6/B13,0,0,1109,100,100,10,0,0,10
17,1006,2021-07-02T13:09:28.328,c6/N77,0,0,1109,100,100,10,0,0,10
18,1007,2021-07-02T13:09:28.328,c7/B2,0,-832,555,273,273,10,0,0,10
19,1007,2021-07-02T13:09:28.328,c7/B13,0.296963155,-832,555,100,100,10,36250,36250,10
20,1007,2021-07-02T13:09:28.328,c7/N77,0.314637363,-832,555,75,75,10,38407,38407,10
21,1008,2021-07-02T13:09:28.328,c8/B2,0.317466021,-1664,0,100,100,10,38753,38753,10
22,1008,2021-07-02T13:09:28.328,c8/B13,0.912792444,-1664,0,273,273,10,111424,111424,10
23,1008,2021-07-02T13:09:28.328,c8/N77,0.241033822,-1664,0,100,100,10,29423,29423,10
24,1009,2021-07-02T13:09:28.328,c9/B2,0.23454313,-1941,-1109,75,75,10,28630,28630,10
25,1009,2021-07-02T13:09:28.328,c9/B13,0.273161173,-1941,-1109,75,75,10,33344,33344,10
26,1009,2021-07-02T13:09:28.328,c9/N77,0.332467854,-1941,-1109,75,75,10,40584,40584,10
27,1010,2021-07-02T13:09:28.328,c10/B2,0,-1109,-1664,75,75,10,0,0,10
28,1010,2021-07-02T13:09:28.328,c10/B13,0.75,-1109,-1664,273,273,10,91552,91552,10
29,1010,2021-07-02T13:09:28.328,c10/N77,0.5,-1109,-1664,273,273,10,61035,61035,10
30,1011,2021-07-02T13:09:28.328,c11/B2,0,0,-2219,100,100,10,0,0,10
31,1011,2021-07-02T13:09:28.328,c11/B13,0,0,-2219,75,75,10,0,0,10
32,1011,2021-07-02T13:09:28.328,c11/N77,0.949999988,0,-2219,273,273,10,115966,115966,10
33,1012,2021-07-02T13:09:28.328,c12/B2,0,832,-1664,100,100,10,0,0,10
34,1012,2021-07-02T13:09:28.328,c12/B13,0,832,-1664,273,273,10,0,0,10
35,1012,2021-07-02T13:09:28.328,c12/N77,0,832,-1664,100,100,10,0,0,10
36,1013,2021-07-02T13:09:28.328,c13/B2,0.250218481,1664,-1109,75,75,10,30544,30544,10
37,1013,2021-07-02T13:09:28.328,c13/B13,0.200000003,1664,-1109,75,75,10,24414,24414,10
38,1013,2021-07-02T13:09:28.328,c13/N77,0.929151535,1664,-1109,273,273,10,113421,113421,10
39,1001,2021-07-02T13:09:28.338,c1/B2,0.200000003,0,0,75,75,10,24414,24414,10
40,1001,2021-07-02T13:09:28.338,c1/B13,0.935188055,0,0,273,273,10,114158,114158,10
41,1001,2021-07-02T13:09:28.338,c1/N77,0.315396845,0,0,100,100,10,38500,38500,10
42,1002,2021-07-02T13:09:28.338,c2/B2,0,-832,-555,75,75,10,0,0,10
43,1002,2021-07-02T13:09:28.338,c2/B13,0,-832,-555,100,100,10,0,0,10
44,1002,2021-07-02T13:09:28.338,c2/N77,0,-832,-555,100,100,10,0,0,10
45,1003,2021-07-02T13:09:28.338,c3/B2,0,-139,-1109,273,273,10,0,0,10
46,1003,2021-07-02T13:09:28.338,c3/B13,0.287502706,-139,-1109,75,75,10,35095,35095,10
47,1003,2021-07-02T13:09:28.338,c3/N77,0.930013955,-139,-1109,273,273,10,113527,113527,10
48,1004,2021-07-02T13:09:28.338,c4/B2,0,832,-555,273,273,10,0,0,10
49,1004,2021-07-02T13:09:28.338,c4/B13,0,832,-555,100,100,10,0,0,10
50,1004,2021-07-02T13:09:28.338,c4/N77,0.367849201,832,-555,75,75,10,44903,44903,10
51,1005,2021-07-02T13:09:28.338,c5/B2,0,832,555,273,273,10,0,0,10
52,1005,2021-07-02T13:09:28.338,c5/B13,0.356716752,832,555,75,75,10,43544,43544,10
53,1005,2021-07-02T13:09:28.338,c5/N77,0.27233991,832,555,100,100,10,33244,33244,10
54,1006,2021-07-02T13:09:28.338,c6/B2,0,0,1109,75,75,10,0,0,10
55,1006,2021-07-02T13:09:28.338,c6/B13,0,0,1109,100,100,10,0,0,10
56,1006,2021-07-02T13:09:28.338,c6/N77,0.315109015,0,1109,75,75,10,38465,38465,10
57,1007,2021-07-02T13:09:28.338,c7/B2,0,-832,555,100,100,10,0,0,10
58,1007,2021-07-02T13:09:28.338,c7/B13,0.75,-832,555,273,273,10,91552,91552,10
59,1007,2021-07-02T13:09:28.338,c7/N77,1.17078805,-832,555,273,273,10,142918,142918,10
60,1008,2021-07-02T13:09:28.338,c8/B2,0.292904943,-1664,0,100,100,10,35754,35754,10
61,1008,2021-07-02T13:09:28.338,c8/B13,0,-1664,0,100,100,10,0,0,10
62,1008,2021-07-02T13:09:28.338,c8/N77,0,-1664,0,273,273,10,0,0,10
63,1009,2021-07-02T13:09:28.338,c9/B2,0.251016647,-1941,-1109,75,75,10,30641,30641,10
64,1009,2021-07-02T13:09:28.338,c9/B13,0.75,-1941,-1109,273,273,10,91552,91552,10
65,1009,2021-07-02T13:09:28.338,c9/N77,0.234462947,-1941,-1109,75,75,10,28620,28620,10
66,1010,2021-07-02T13:09:28.338,c10/B2,0.909368157,-1109,-1664,273,273,10,111006,111006,10
67,1010,2021-07-02T13:09:28.338,c10/B13,0.241804361,-1109,-1664,100,100,10,29517,29517,10
68,1010,2021-07-02T13:09:28.338,c10/N77,0,-1109,-1664,75,75,10,0,0,10
69,1011,2021-07-02T13:09:28.338,c11/B2,0.273260117,0,-2219,75,75,10,33356,33356,10
70,1011,2021-07-02T13:09:28.338,c11/B13,0.333600461,0,-2219,75,75,10,40722,40722,10
71,1011,2021-07-02T13:09:28.338,c11/N77,0,0,-2219,100,100,10,0,0,10
72,1012,2021-07-02T13:09:28.338,c12/B2,0,832,-1664,75,75,10,0,0,10
73,1012,2021-07-02T13:09:28.338,c12/B13,0.5,832,-1664,273,273,10,61035,61035,10
74,1012,2021-07-02T13:09:28.338,c12/N77,0,832,-1664,100,100,10,0,0,10
75,1013,2021-07-02T13:09:28.338,c13/B2,0,1664,-1109,273,273,10,0,0,10
76,1013,2021-07-02T13:09:28.338,c13/B13,0.949999988,1664,-1109,273,273,10,115966,115966,10
77,1013,2021-07-02T13:09:28.338,c13/N77,0,1664,-1109,100,100,10,0,0,10
78,1001,2021-07-02T13:09:28.348,c1/B2,0.949999988,0,0,273,273,10,115966,115966,10
79,1001,2021-07-02T13:09:28.348,c1/B13,0,0,0,100,100,10,0,0,10
80,1001,2021-07-02T13:09:28.348,c1/N77,0.28913945,0,0,100,100,10,35295,35295,10
81,1002,2021-07-02T13:09:28.348,c2/B2,0.357095301,-832,-555,75,75,10,43590,43590,10
82,1002,2021-07-02T13:09:28.348,c2/B13,0,-832,-555,273,273,10,0,0,10
83,1002,2021-07-02T13:09:28.348,c2/N77,0.313282788,-832,-555,100,100,10,38242,38242,10
84,1003,2021-07-02T13:09:28.348,c3/B2,0.200000003,-139,-1109,75,75,10,24414,24414,10
85,1003,2021-07-02T13:09:28.348,c3/B13,0.941492856,-139,-1109,273,273,10,114928,114928,10
86,1003,2021-07-02T13:09:28.348,c3/N77,0,-139,-1109,100,100,10,0,0,10
87,1004,2021-07-02T13:09:28.348,c4/B2,0,832,-555,75,75,10,0,0,10
88,1004,2021-07-02T13:09:28.348,c4/B13,0,832,-555,100,100,10,0,0,10
89,1004,2021-07-02T13:09:28.348,c4/N77,0,832,-555,273,273,10,0,0,10
90,1005,2021-07-02T13:09:28.348,c5/B2,0,832,555,273,273,10,0,0,10
91,1005,2021-07-02T13:09:28.348,c5/B13,0.290028244,832,555,75,75,10,35403,35403,10
92,1005,2021-07-02T13:09:28.348,c5/N77,0.931517541,832,555,273,273,10,113710,113710,10
93,1006,2021-07-02T13:09:28.348,c6/B2,0.367269635,0,1109,75,75,10,44832,44832,10
94,1006,2021-07-02T13:09:28.348,c6/B13,0,0,1109,100,100,10,0,0,10
95,1006,2021-07-02T13:09:28.348,c6/N77,1.163266659,0,1109,273,273,10,142000,142000,10
96,1007,2021-07-02T13:09:28.348,c7/B2,0,-832,555,100,100,10,0,0,10
97,1007,2021-07-02T13:09:28.348,c7/B13,0.27233991,-832,555,100,100,10,33244,33244,10
98,1007,2021-07-02T13:09:28.348,c7/N77,0,-832,555,75,75,10,0,0,10
99,1008,2021-07-02T13:09:28.348,c8/B2,0.75,-1664,0,273,273,10,91552,91552,10
100,1008,2021-07-02T13:09:28.348,c8/B13,0.315614402,-1664,0,75,75,10,38527,38527,10
101,1008,2021-07-02T13:09:28.348,c8/N77,0,-1664,0,100,100,10,0,0,10
102,1009,2021-07-02T13:09:28.348,c9/B2,0,-1941,-1109,273,273,10,0,0,10
103,1009,2021-07-02T13:09:28.348,c9/B13,0.242589802,-1941,-1109,100,100,10,29613,29613,10
104,1009,2021-07-02T13:09:28.348,c9/N77,0.251826674,-1941,-1109,75,75,10,30740,30740,10
105,1010,2021-07-02T13:09:28.348,c10/B2,0,-1109,-1664,100,100,10,0,0,10
106,1010,2021-07-02T13:09:28.348,c10/B13,0,-1109,-1664,273,273,10,0,0,10
107,1010,2021-07-02T13:09:28.348,c10/N77,0.905982196,-1109,-1664,273,273,10,110593,110593,10
108,1011,2021-07-02T13:09:28.348,c11/B2,0.75,0,-2219,273,273,10,91552,91552,10
109,1011,2021-07-02T13:09:28.348,c11/B13,0.234359428,0,-2219,75,75,10,28608,28608,10
110,1011,2021-07-02T13:09:28.348,c11/N77,0,0,-2219,100,100,10,0,0,10
111,1012,2021-07-02T13:09:28.348,c12/B2,0.334599644,832,-1664,75,75,10,40844,40844,10
112,1012,2021-07-02T13:09:28.348,c12/B13,0,832,-1664,75,75,10,0,0,10
113,1012,2021-07-02T13:09:28.348,c12/N77,0.273357838,832,-1664,75,75,10,33368,33368,10
114,1013,2021-07-02T13:09:28.348,c13/B2,0.5,1664,-1109,273,273,10,61035,61035,10
115,1013,2021-07-02T13:09:28.348,c13/B13,0,1664,-1109,100,100,10,0,0,10
116,1013,2021-07-02T13:09:28.348,c13/N77,0,1664,-1109,75,75,10,0,0,10
117,1001,2021-07-02T13:09:28.358,c1/B2,0,0,0,100,100,10,0,0,10
118,1001,2021-07-02T13:09:28.358,c1/B13,0,0,0,75,75,10,0,0,10
119,1001,2021-07-02T13:09:28.358,c1/N77,0.75,0,0,273,273,10,91552,91552,10
120,1002,2021-07-02T13:09:28.358,c2/B2,0.292623788,-832,-555,75,75,10,35720,35720,10
121,1002,2021-07-02T13:09:28.358,c2/B13,0.200000003,-832,-555,75,75,10,24414,24414,10
122,1002,2021-07-02T13:09:28.358,c2/N77,0.285627514,-832,-555,100,100,10,34866,34866,10
123,1003,2021-07-02T13:09:28.358,c3/B2,0.949999988,-139,-1109,273,273,10,115966,115966,10
124,1003,2021-07-02T13:09:28.358,c3/B13,0,-139,-1109,100,100,10,0,0,10
125,1003,2021-07-02T13:09:28.358,c3/N77,0.311146021,-139,-1109,100,100,10,37981,37981,10
126,1004,2021-07-02T13:09:28.358,c4/B2,0.357498795,832,-555,75,75,10,43639,43639,10
127,1004,2021-07-02T13:09:28.358,c4/B13,0,832,-555,273,273,10,0,0,10
128,1004,2021-07-02T13:09:28.358,c4/N77,0,832,-555,273,273,10,0,0,10
129,1005,2021-07-02T13:09:28.358,c5/B2,0,832,555,75,75,10,0,0,10
130,1005,2021-07-02T13:09:28.358,c5/B13,0.948090792,832,555,273,273,10,115733,115733,10
131,1005,2021-07-02T13:09:28.358,c5/N77,0,832,555,100,100,10,0,0,10
132,1006,2021-07-02T13:09:28.358,c6/B2,0,0,1109,273,273,10,0,0,10
133,1006,2021-07-02T13:09:28.358,c6/B13,0,0,1109,100,100,10,0,0,10
134,1006,2021-07-02T13:09:28.358,c6/N77,0,0,1109,75,75,10,0,0,10
135,1007,2021-07-02T13:09:28.358,c7/B2,0,-832,555,100,100,10,0,0,10
136,1007,2021-07-02T13:09:28.358,c7/B13,0.932855785,-832,555,273,273,10,113873,113873,10
137,1007,2021-07-02T13:09:28.358,c7/N77,0.366226733,-832,555,75,75,10,44705,44705,10
138,1008,2021-07-02T13:09:28.358,c8/B2,0.27233991,-1664,0,100,100,10,33244,33244,10
139,1008,2021-07-02T13:09:28.358,c8/B13,1.156138897,-1664,0,273,273,10,141130,141130,10
140,1008,2021-07-02T13:09:28.358,c8/N77,0,-1664,0,100,100,10,0,0,10
141,1009,2021-07-02T13:09:28.358,c9/B2,0.5,-1941,-1109,273,273,10,61035,61035,10
142,1009,2021-07-02T13:09:28.358,c9/B13,0,-1941,-1109,273,273,10,0,0,10
143,1009,2021-07-02T13:09:28.358,c9/N77,0,-1941,-1109,273,273,10,0,0,10
144,1010,2021-07-02T13:09:28.358,c10/B2,0.316154718,-1109,-1664,75,75,10,38593,38593,10
145,1010,2021-07-02T13:09:28.358,c10/B13,0,-1109,-1664,100,100,10,0,0,10
146,1010,2021-07-02T13:09:28.358,c10/N77,0,-1109,-1664,100,100,10,0,0,10
147,1011,2021-07-02T13:09:28.358,c11/B2,0.24339056,0,-2219,100,100,10,29710,29710,10
148,1011,2021-07-02T13:09:28.358,c11/B13,0.25264889,0,-2219,75,75,10,30840,30840,10
149,1011,2021-07-02T13:09:28.358,c11/N77,0.273454279,0,-2219,75,75,10,33380,33380,10
150,1012,2021-07-02T13:09:28.358,c12/B2,0.234232754,832,-1664,75,75,10,28592,28592,10
151,1012,2021-07-02T13:09:28.358,c12/B13,0.902653515,832,-1664,273,273,10,110187,110187,10
152,1012,2021-07-02T13:09:28.358,c12/N77,0.75,832,-1664,273,273,10,91552,91552,10
153,1013,2021-07-02T13:09:28.358,c13/B2,0,1664,-1109,75,75,10,0,0,10
154,1013,2021-07-02T13:09:28.358,c13/B13,0,1664,-1109,100,100,10,0,0,10
155,1013,2021-07-02T13:09:28.358,c13/N77,0.335473418,1664,-1109,75,75,10,40951,40951,10
156,1001,2021-07-02T13:09:28.368,c1/B2,0,0,0,100,100,10,0,0,10
157,1001,2021-07-02T13:09:28.368,c1/B13,0.336235166,0,0,75,75,10,41044,41044,10
158,1001,2021-07-02T13:09:28.368,c1/N77,0.27233991,0,0,100,100,10,33244,33244,10
159,1002,2021-07-02T13:09:28.368,c2/B2,0.955010474,-832,-555,273,273,10,116578,116578,10
160,1002,2021-07-02T13:09:28.368,c2/B13,0.949999988,-832,-555,273,273,10,115966,115966,10
161,1002,2021-07-02T13:09:28.368,c2/N77,0.75,-832,-555,273,273,10,91552,91552,10
162,1003,2021-07-02T13:09:28.368,c3/B2,0,-139,-1109,100,100,10,0,0,10
163,1003,2021-07-02T13:09:28.368,c3/B13,0,-139,-1109,75,75,10,0,0,10
164,1003,2021-07-02T13:09:28.368,c3/N77,0.282337397,-139,-1109,100,100,10,34465,34465,10
165,1004,2021-07-02T13:09:28.368,c4/B2,0.29529202,832,-555,75,75,10,36046,36046,10
166,1004,2021-07-02T13:09:28.368,c4/B13,0.200000003,832,-555,75,75,10,24414,24414,10
167,1004,2021-07-02T13:09:28.368,c4/N77,0,832,-555,75,75,10,0,0,10
168,1005,2021-07-02T13:09:28.368,c5/B2,0.357923955,832,555,75,75,10,43691,43691,10
169,1005,2021-07-02T13:09:28.368,c5/B13,0.248786241,832,555,100,100,10,30369,30369,10
170,1005,2021-07-02T13:09:28.368,c5/N77,0.253565043,832,555,100,100,10,30952,30952,10
171,1006,2021-07-02T13:09:28.368,c6/B2,0,0,1109,273,273,10,0,0,10
172,1006,2021-07-02T13:09:28.368,c6/B13,0,0,1109,273,273,10,0,0,10
173,1006,2021-07-02T13:09:28.368,c6/N77,0.364816248,0,1109,75,75,10,44533,44533,10
174,1007,2021-07-02T13:09:28.368,c7/B2,0,-832,555,100,100,10,0,0,10
175,1007,2021-07-02T13:09:28.368,c7/B13,0,-832,555,100,100,10,0,0,10
176,1007,2021-07-02T13:09:28.368,c7/N77,0,-832,555,273,273,10,0,0,10
177,1008,2021-07-02T13:09:28.368,c8/B2,0.934006989,-1664,0,273,273,10,114014,114014,10
178,1008,2021-07-02T13:09:28.368,c8/B13,0,-1664,0,75,75,10,0,0,10
179,1008,2021-07-02T13:09:28.368,c8/N77,0,-1664,0,100,100,10,0,0,10
180,1009,2021-07-02T13:09:28.368,c9/B2,0,-1941,-1109,75,75,10,0,0,10
181,1009,2021-07-02T13:09:28.368,c9/B13,0,-1941,-1109,100,100,10,0,0,10
182,1009,2021-07-02T13:09:28.368,c9/N77,0.901626527,-1941,-1109,273,273,10,110061,110061,10
183,1010,2021-07-02T13:09:28.368,c10/B2,1.149347901,-1109,-1664,273,273,10,140301,140301,10
184,1010,2021-07-02T13:09:28.368,c10/B13,0,-1109,-1664,100,100,10,0,0,10
185,1010,2021-07-02T13:09:28.368,c10/N77,0.316731334,-1109,-1664,75,75,10,38663,38663,10
186,1011,2021-07-02T13:09:28.368,c11/B2,0,0,-2219,273,273,10,0,0,10
187,1011,2021-07-02T13:09:28.368,c11/B13,0,0,-2219,273,273,10,0,0,10
188,1011,2021-07-02T13:09:28.368,c11/N77,0.75,0,-2219,273,273,10,91552,91552,10
189,1012,2021-07-02T13:09:28.368,c12/B2,0.253483683,832,-1664,75,75,10,30942,30942,10
190,1012,2021-07-02T13:09:28.368,c12/B13,0,832,-1664,100,100,10,0,0,10
191,1012,2021-07-02T13:09:28.368,c12/N77,0.244207054,832,-1664,100,100,10,29810,29810,10
192,1013,2021-07-02T13:09:28.368,c13/B2,0.788109362,1664,-1109,273,273,10,96204,96204,10
193,1013,2021-07-02T13:09:28.368,c13/B13,0.273549408,1664,-1109,75,75,10,33392,33392,10
194,1013,2021-07-02T13:09:28.368,c13/N77,0.234083146,1664,-1109,75,75,10,28574,28574,10
195,1001,2021-07-02T13:09:28.378,c1/B2,0.273643225,0,0,75,75,10,33403,33403,10
196,1001,2021-07-02T13:09:28.378,c1/B13,0.233910903,0,0,75,75,10,28553,28553,10
197,1001,2021-07-02T13:09:28.378,c1/N77,0.934950709,0,0,273,273,10,114129,114129,10
198,1002,2021-07-02T13:09:28.378,c2/B2,0.250433981,-832,-555,100,100,10,30570,30570,10
199,1002,2021-07-02T13:09:28.378,c2/B13,0,-832,-555,100,100,10,0,0,10
200,1002,2021-07-02T13:09:28.378,c2/N77,0.27233991,-832,-555,100,100,10,33244,33244,10
201,1003,2021-07-02T13:09:28.378,c3/B2,0,-139,-1109,100,100,10,0,0,10
202,1003,2021-07-02T13:09:28.378,c3/B13,0.335538507,-139,-1109,75,75,10,40959,40959,10
203,1003,2021-07-02T13:09:28.378,c3/N77,0.75,-139,-1109,273,273,10,91552,91552,10
204,1004,2021-07-02T13:09:28.378,c4/B2,0.962284803,832,-555,273,273,10,117466,117466,10
205,1004,2021-07-02T13:09:28.378,c4/B13,0.949999988,832,-555,273,273,10,115966,115966,10
206,1004,2021-07-02T13:09:28.378,c4/N77,0.358366251,832,-555,75,75,10,43745,43745,10
207,1005,2021-07-02T13:09:28.378,c5/B2,0.298035622,832,555,75,75,10,36381,36381,10
208,1005,2021-07-02T13:09:28.378,c5/B13,0,832,555,75,75,10,0,0,10
209,1005,2021-07-02T13:09:28.378,c5/N77,0.191751063,832,555,100,100,10,23407,23407,10
210,1006,2021-07-02T13:09:28.378,c6/B2,0,0,1109,75,75,10,0,0,10
211,1006,2021-07-02T13:09:28.378,c6/B13,0.200000003,0,1109,75,75,10,24414,24414,10
212,1006,2021-07-02T13:09:28.378,c6/N77,0,0,1109,273,273,10,0,0,10
213,1007,2021-07-02T13:09:28.378,c7/B2,0,-832,555,273,273,10,0,0,10
214,1007,2021-07-02T13:09:28.378,c7/B13,0.253565043,-832,555,100,100,10,30952,30952,10
215,1007,2021-07-02T13:09:28.378,c7/N77,0,-832,555,273,273,10,0,0,10
216,1008,2021-07-02T13:09:28.378,c8/B2,0,-1664,0,100,100,10,0,0,10
217,1008,2021-07-02T13:09:28.378,c8/B13,0.363138199,-1664,0,75,75,10,44328,44328,10
218,1008,2021-07-02T13:09:28.378,c8/N77,0,-1664,0,100,100,10,0,0,10
219,1009,2021-07-02T13:09:28.378,c9/B2,0.788364291,-1941,-1109,273,273,10,96235,96235,10
220,1009,2021-07-02T13:09:28.378,c9/B13,0,-1941,-1109,100,100,10,0,0,10
221,1009,2021-07-02T13:09:28.378,c9/N77,0,-1941,-1109,75,75,10,0,0,10
222,1010,2021-07-02T13:09:28.378,c10/B2,0,-1109,-1664,75,75,10,0,0,10
223,1010,2021-07-02T13:09:28.378,c10/B13,0,-1109,-1664,100,100,10,0,0,10
224,1010,2021-07-02T13:09:28.378,c10/N77,1.142843366,-1109,-1664,273,273,10,139507,139507,10
225,1011,2021-07-02T13:09:28.378,c11/B2,0,0,-2219,100,100,10,0,0,10
226,1011,2021-07-02T13:09:28.378,c11/B13,0.902782202,0,-2219,273,273,10,110202,110202,10
227,1011,2021-07-02T13:09:28.378,c11/N77,0.245039701,0,-2219,100,100,10,29912,29912,10
228,1012,2021-07-02T13:09:28.378,c12/B2,0,832,-1664,273,273,10,0,0,10
229,1012,2021-07-02T13:09:28.378,c12/B13,0.317345709,832,-1664,75,75,10,38738,38738,10
230,1012,2021-07-02T13:09:28.378,c12/N77,0,832,-1664,273,273,10,0,0,10
231,1013,2021-07-02T13:09:28.378,c13/B2,0.250612259,1664,-1109,100,100,10,30592,30592,10
232,1013,2021-07-02T13:09:28.378,c13/B13,0.75,1664,-1109,273,273,10,91552,91552,10
233,1013,2021-07-02T13:09:28.378,c13/N77,0.25433138,1664,-1109,75,75,10,31046,31046,10
234,1001,2021-07-02T13:09:28.388,c1/B2,0.75,0,0,273,273,10,91552,91552,10
235,1001,2021-07-02T13:09:28.388,c1/B13,0.255192339,0,0,75,75,10,31151,31151,10
236,1001,2021-07-02T13:09:28.388,c1/N77,0,0,0,100,100,10,0,0,10
237,1002,2021-07-02T13:09:28.388,c2/B2,0,-832,-555,75,75,10,0,0,10
238,1002,2021-07-02T13:09:28.388,c2/B13,0,-832,-555,100,100,10,0,0,10
239,1002,2021-07-02T13:09:28.388,c2/N77,0.935669184,-832,-555,273,273,10,114217,114217,10
240,1003,2021-07-02T13:09:28.388,c3/B2,0.273735702,-139,-1109,75,75,10,33415,33415,10
241,1003,2021-07-02T13:09:28.388,c3/B13,0.233716294,-139,-1109,75,75,10,28529,28529,10
242,1003,2021-07-02T13:09:28.388,c3/N77,0.27233991,-139,-1109,100,100,10,33244,33244,10
243,1004,2021-07-02T13:09:28.388,c4/B2,0.252098709,832,-555,100,100,10,30773,30773,10
244,1004,2021-07-02T13:09:28.388,c4/B13,0,832,-555,100,100,10,0,0,10
245,1004,2021-07-02T13:09:28.388,c4/N77,0.300857127,832,-555,75,75,10,36725,36725,10
246,1005,2021-07-02T13:09:28.388,c5/B2,0.969951868,832,555,273,273,10,118402,118402,10
247,1005,2021-07-02T13:09:28.388,c5/B13,0.333648443,832,555,75,75,10,40728,40728,10
248,1005,2021-07-02T13:09:28.388,c5/N77,0.75,832,555,273,273,10,91552,91552,10
249,1006,2021-07-02T13:09:28.388,c6/B2,0.358819336,0,1109,75,75,10,43801,43801,10
250,1006,2021-07-02T13:09:28.388,c6/B13,0.949999988,0,1109,273,273,10,115966,115966,10
251,1006,2021-07-02T13:09:28.388,c6/N77,0,0,1109,273,273,10,0,0,10
252,1007,2021-07-02T13:09:28.388,c7/B2,0.200000003,-832,555,75,75,10,24414,24414,10
253,1007,2021-07-02T13:09:28.388,c7/B13,0.191751063,-832,555,100,100,10,23407,23407,10
254,1007,2021-07-02T13:09:28.388,c7/N77,0,-832,555,75,75,10,0,0,10
255,1008,2021-07-02T13:09:28.388,c8/B2,0.253565043,-1664,0,100,100,10,30952,30952,10
256,1008,2021-07-02T13:09:28.388,c8/B13,0,-1664,0,273,273,10,0,0,10
257,1008,2021-07-02T13:09:28.388,c8/N77,0,-1664,0,273,273,10,0,0,10
258,1009,2021-07-02T13:09:28.388,c9/B2,0.251133949,-1941,-1109,100,100,10,30655,30655,10
259,1009,2021-07-02T13:09:28.388,c9/B13,0,-1941,-1109,100,100,10,0,0,10
260,1009,2021-07-02T13:09:28.388,c9/N77,0.788602769,-1941,-1109,273,273,10,96264,96264,10
261,1010,2021-07-02T13:09:28.388,c10/B2,0.361283541,-1109,-1664,75,75,10,44101,44101,10
262,1010,2021-07-02T13:09:28.388,c10/B13,0,-1109,-1664,100,100,10,0,0,10
263,1010,2021-07-02T13:09:28.388,c10/N77,0,-1109,-1664,75,75,10,0,0,10
264,1011,2021-07-02T13:09:28.388,c11/B2,0,0,-2219,100,100,10,0,0,10
265,1011,2021-07-02T13:09:28.388,c11/B13,0,0,-2219,75,75,10,0,0,10
266,1011,2021-07-02T13:09:28.388,c11/N77,0,0,-2219,273,273,10,0,0,10
267,1012,2021-07-02T13:09:28.388,c12/B2,0.903903544,832,-1664,273,273,10,110339,110339,10
268,1012,2021-07-02T13:09:28.388,c12/B13,1.136580586,832,-1664,273,273,10,138742,138742,10
269,1012,2021-07-02T13:09:28.388,c12/N77,0,832,-1664,100,100,10,0,0,10
270,1013,2021-07-02T13:09:28.388,c13/B2,0.317999482,1664,-1109,75,75,10,38818,38818,10
271,1013,2021-07-02T13:09:28.388,c13/B13,0.245888874,1664,-1109,100,100,10,30015,30015,10
272,1013,2021-07-02T13:09:28.388,c13/N77,0,1664,-1109,273,273,10,0,0,10
273,1001,2021-07-02T13:09:28.398,c1/B2,0.246755004,0,0,100,100,10,30121,30121,10
274,1001,2021-07-02T13:09:28.398,c1/B13,0,0,0,273,273,10,0,0,10
275,1001,2021-07-02T13:09:28.398,c1/N77,0.253565043,0,0,100,100,10,30952,30952,10
276,1002,2021-07-02T13:09:28.398,c2/B2,0.331696361,-832,-555,75,75,10,40490,40490,10
277,1002,2021-07-02T13:09:28.398,c2/B13,0.273826808,-832,-555,75,75,10,33426,33426,10
278,1002,2021-07-02T13:09:28.398,c2/N77,0,-832,-555,100,100,10,0,0,10
279,1003,2021-07-02T13:09:28.398,c3/B2,0.75,-139,-1109,273,273,10,91552,91552,10
280,1003,2021-07-02T13:09:28.398,c3/B13,0.256066978,-139,-1109,75,75,10,31258,31258,10
281,1003,2021-07-02T13:09:28.398,c3/N77,0.936147869,-139,-1109,273,273,10,114275,114275,10
282,1004,2021-07-02T13:09:28.398,c4/B2,0,832,-555,75,75,10,0,0,10
283,1004,2021-07-02T13:09:28.398,c4/B13,0,832,-555,100,100,10,0,0,10
284,1004,2021-07-02T13:09:28.398,c4/N77,0.978056431,832,-555,273,273,10,119391,119391,10
285,1005,2021-07-02T13:09:28.398,c5/B2,0.253780305,832,555,100,100,10,30979,30979,10
286,1005,2021-07-02T13:09:28.398,c5/B13,0.233499661,832,555,75,75,10,28503,28503,10
287,1005,2021-07-02T13:09:28.398,c5/N77,0.27233991,832,555,100,100,10,33244,33244,10
288,1006,2021-07-02T13:09:28.398,c6/B2,0.303758919,0,1109,75,75,10,37079,37079,10
289,1006,2021-07-02T13:09:28.398,c6/B13,0,0,1109,100,100,10,0,0,10
290,1006,2021-07-02T13:09:28.398,c6/N77,0,0,1109,75,75,10,0,0,10
291,1007,2021-07-02T13:09:28.398,c7/B2,0.949999988,-832,555,273,273,10,115966,115966,10
292,1007,2021-07-02T13:09:28.398,c7/B13,0.75,-832,555,273,273,10,91552,91552,10
293,1007,2021-07-02T13:09:28.398,c7/N77,0.359274536,-832,555,75,75,10,43856,43856,10
294,1008,2021-07-02T13:09:28.398,c8/B2,0.191751063,-1664,0,100,100,10,23407,23407,10
295,1008,2021-07-02T13:09:28.398,c8/B13,0,-1664,0,273,273,10,0,0,10
296,1008,2021-07-02T13:09:28.398,c8/N77,0.200000003,-1664,0,75,75,10,24414,24414,10
297,1009,2021-07-02T13:09:28.398,c9/B2,0.318694443,-1941,-1109,75,75,10,38903,38903,10
298,1009,2021-07-02T13:09:28.398,c9/B13,0,-1941,-1109,100,100,10,0,0,10
299,1009,2021-07-02T13:09:28.398,c9/N77,0.251623452,-1941,-1109,100,100,10,30715,30715,10
300,1010,2021-07-02T13:09:28.398,c10/B2,0,-1109,-1664,273,273,10,0,0,10
301,1010,2021-07-02T13:09:28.398,c10/B13,0,-1109,-1664,273,273,10,0,0,10
302,1010,2021-07-02T13:09:28.398,c10/N77,0.359327614,-1109,-1664,75,75,10,43863,43863,10
303,1011,2021-07-02T13:09:28.398,c11/B2,0,0,-2219,100,100,10,0,0,10
304,1011,2021-07-02T13:09:28.398,c11/B13,0.788824439,0,-2219,273,273,10,96292,96292,10
305,1011,2021-07-02T13:09:28.398,c11/N77,0,0,-2219,100,100,10,0,0,10
306,1012,2021-07-02T13:09:28.398,c12/B2,0,832,-1664,75,75,10,0,0,10
307,1012,2021-07-02T13:09:28.398,c12/B13,0,832,-1664,75,75,10,0,0,10
308,1012,2021-07-02T13:09:28.398,c12/N77,0,832,-1664,100,100,10,0,0,10
309,1013,2021-07-02T13:09:28.398,c13/B2,1.130519748,1664,-1109,273,273,10,138002,138002,10
310,1013,2021-07-02T13:09:28.398,c13/B13,0,1664,-1109,273,273,10,0,0,10
311,1013,2021-07-02T13:09:28.398,c13/N77,0.904988527,1664,-1109,273,273,10,110472,110472,10
312,1001,2021-07-02T13:09:28.408,c1/B2,0,0,0,273,273,10,0,0,10
313,1001,2021-07-02T13:09:28.408,c1/B13,0.906035125,0,0,273,273,10,110599,110599,10
314,1001,2021-07-02T13:09:28.408,c1/N77,0.191751063,0,0,100,100,10,23407,23407,10
315,1002,2021-07-02T13:09:28.408,c2/B2,0.233261392,-832,-555,75,75,10,28474,28474,10
316,1002,2021-07-02T13:09:28.408,c2/B13,0.75,-832,-555,273,273,10,91552,91552,10
317,1002,2021-07-02T13:09:28.408,c2/N77,0.253565043,-832,-555,100,100,10,30952,30952,10
318,1003,2021-07-02T13:09:28.408,c3/B2,0.247638434,-139,-1109,100,100,10,30229,30229,10
319,1003,2021-07-02T13:09:28.408,c3/B13,0,-139,-1109,273,273,10,0,0,10
320,1003,2021-07-02T13:09:28.408,c3/N77,0,-139,-1109,100,100,10,0,0,10
321,1004,2021-07-02T13:09:28.408,c4/B2,0.329698086,832,-555,75,75,10,40246,40246,10
322,1004,2021-07-02T13:09:28.408,c4/B13,0.273916543,832,-555,75,75,10,33437,33437,10
323,1004,2021-07-02T13:09:28.408,c4/N77,0.255478531,832,-555,100,100,10,31186,31186,10
324,1005,2021-07-02T13:09:28.408,c5/B2,0,832,555,75,75,10,0,0,10
325,1005,2021-07-02T13:09:28.408,c5/B13,0.256955624,832,555,75,75,10,31366,31366,10
326,1005,2021-07-02T13:09:28.408,c5/N77,0.936376929,832,555,273,273,10,114303,114303,10
327,1006,2021-07-02T13:09:28.408,c6/B2,0.986651242,0,1109,273,273,10,120440,120440,10
328,1006,2021-07-02T13:09:28.408,c6/B13,0,0,1109,100,100,10,0,0,10
329,1006,2021-07-02T13:09:28.408,c6/N77,0.35972026,0,1109,75,75,10,43911,43911,10
330,1007,2021-07-02T13:09:28.408,c7/B2,0,-832,555,100,100,10,0,0,10
331,1007,2021-07-02T13:09:28.408,c7/B13,0.27233991,-832,555,100,100,10,33244,33244,10
332,1007,2021-07-02T13:09:28.408,c7/N77,0.306743026,-832,555,75,75,10,37444,37444,10
333,1008,2021-07-02T13:09:28.408,c8/B2,0.75,-1664,0,273,273,10,91552,91552,10
334,1008,2021-07-02T13:09:28.408,c8/B13,0,-1664,0,75,75,10,0,0,10
335,1008,2021-07-02T13:09:28.408,c8/N77,0.200000003,-1664,0,273,273,10,24414,24414,10
336,1009,2021-07-02T13:09:28.408,c9/B2,0.75,-1941,-1109,273,273,10,91552,91552,10
337,1009,2021-07-02T13:09:28.408,c9/B13,0,-1941,-1109,273,273,10,0,0,10
338,1009,2021-07-02T13:09:28.408,c9/N77,0.319432557,-1941,-1109,75,75,10,38993,38993,10
339,1010,2021-07-02T13:09:28.408,c10/B2,0.75,-1109,-1664,273,273,10,91552,91552,10
340,1010,2021-07-02T13:09:28.408,c10/B13,0.200000003,-1109,-1664,75,75,10,24414,24414,10
341,1010,2021-07-02T13:09:28.408,c10/N77,0.75,-1109,-1664,273,273,10,91552,91552,10
342,1011,2021-07-02T13:09:28.408,c11/B2,0,0,-2219,100,100,10,0,0,10
343,1011,2021-07-02T13:09:28.408,c11/B13,0.252079815,0,-2219,100,100,10,30771,30771,10
344,1011,2021-07-02T13:09:28.408,c11/N77,0,0,-2219,100,100,10,0,0,10
345,1012,2021-07-02T13:09:28.408,c12/B2,0.789029062,832,-1664,273,273,10,96317,96317,10
346,1012,2021-07-02T13:09:28.408,c12/B13,0.357328534,832,-1664,75,75,10,43619,43619,10
347,1012,2021-07-02T13:09:28.408,c12/N77,0,832,-1664,100,100,10,0,0,10
348,1013,2021-07-02T13:09:28.408,c13/B2,0,1664,-1109,75,75,10,0,0,10
349,1013,2021-07-02T13:09:28.408,c13/B13,0,1664,-1109,100,100,10,0,0,10
350,1013,2021-07-02T13:09:28.408,c13/N77,0,1664,-1109,75,75,10,0,0,10
351,1001,2021-07-02T13:09:28.418,c1/B2,0,0,0,100,100,10,0,0,10
352,1001,2021-07-02T13:09:28.418,c1/B13,0,0,0,75,75,10,0,0,10
353,1001,2021-07-02T13:09:28.418,c1/N77,0.75,0,0,273,273,10,91552,91552,10
354,1002,2021-07-02T13:09:28.418,c2/B2,0.257858694,-832,-555,75,75,10,31476,31476,10
355,1002,2021-07-02T13:09:28.418,c2/B13,0.248539522,-832,-555,100,100,10,30339,30339,10
356,1002,2021-07-02T13:09:28.418,c2/N77,0.191751063,-832,-555,100,100,10,23407,23407,10
357,1003,2021-07-02T13:09:28.418,c3/B2,0,-139,-1109,273,273,10,0,0,10
358,1003,2021-07-02T13:09:28.418,c3/B13,0.90704149,-139,-1109,273,273,10,110722,110722,10
359,1003,2021-07-02T13:09:28.418,c3/N77,0.253565043,-139,-1109,100,100,10,30952,30952,10
360,1004,2021-07-02T13:09:28.418,c4/B2,0.233001888,832,-555,75,75,10,28442,28442,10
361,1004,2021-07-02T13:09:28.418,c4/B13,0.75,832,-555,273,273,10,91552,91552,10
362,1004,2021-07-02T13:09:28.418,c4/N77,0,832,-555,75,75,10,0,0,10
363,1005,2021-07-02T13:09:28.418,c5/B2,0.327190369,832,555,75,75,10,39940,39940,10
364,1005,2021-07-02T13:09:28.418,c5/B13,0,832,555,273,273,10,0,0,10
365,1005,2021-07-02T13:09:28.418,c5/N77,0,832,555,100,100,10,0,0,10
366,1006,2021-07-02T13:09:28.418,c6/B2,0.257193178,0,1109,100,100,10,31395,31395,10
367,1006,2021-07-02T13:09:28.418,c6/B13,0.274004877,0,1109,75,75,10,33447,33447,10
368,1006,2021-07-02T13:09:28.418,c6/N77,0.309810996,0,1109,75,75,10,37818,37818,10
369,1007,2021-07-02T13:09:28.418,c7/B2,0,-832,555,100,100,10,0,0,10
370,1007,2021-07-02T13:09:28.418,c7/B13,0.936351418,-832,555,273,273,10,114300,114300,10
371,1007,2021-07-02T13:09:28.418,c7/N77,0.995799243,-832,555,273,273,10,121557,121557,10
372,1008,2021-07-02T13:09:28.418,c8/B2,0.27233991,-1664,0,100,100,10,33244,33244,10
373,1008,2021-07-02T13:09:28.418,c8/B13,0.360141665,-1664,0,75,75,10,43962,43962,10
374,1008,2021-07-02T13:09:28.418,c8/N77,0,-1664,0,100,100,10,0,0,10
375,1009,2021-07-02T13:09:28.418,c9/B2,0,-1941,-1109,75,75,10,0,0,10
376,1009,2021-07-02T13:09:28.418,c9/B13,0.200000003,-1941,-1109,75,75,10,24414,24414,10
377,1009,2021-07-02T13:09:28.418,c9/N77,0.75,-1941,-1109,273,273,10,91552,91552,10
378,1010,2021-07-02T13:09:28.418,c10/B2,0,-1109,-1664,75,75,10,0,0,10
379,1010,2021-07-02T13:09:28.418,c10/B13,0.200000003,-1109,-1664,273,273,10,24414,24414,10
380,1010,2021-07-02T13:09:28.418,c10/N77,0.75,-1109,-1664,273,273,10,91552,91552,10
381,1011,2021-07-02T13:09:28.418,c11/B2,0,0,-2219,273,273,10,0,0,10
382,1011,2021-07-02T13:09:28.418,c11/B13,0.32021603,0,-2219,75,75,10,39088,39088,10
383,1011,2021-07-02T13:09:28.418,c11/N77,0,0,-2219,100,100,10,0,0,10
384,1012,2021-07-02T13:09:28.418,c12/B2,0.252502054,832,-1664,100,100,10,30823,30823,10
385,1012,2021-07-02T13:09:28.418,c12/B13,0.75,832,-1664,273,273,10,91552,91552,10
386,1012,2021-07-02T13:09:28.418,c12/N77,0,832,-1664,100,100,10,0,0,10
387,1013,2021-07-02T13:09:28.418,c13/B2,0.355328739,1664,-1109,75,75,10,43375,43375,10
388,1013,2021-07-02T13:09:28.418,c13/B13,0,1664,-1109,100,100,10,0,0,10
389,1013,2021-07-02T13:09:28.418,c13/N77,0.789216459,1664,-1109,273,273,10,96339,96339,10
390,1001,2021-07-02T13:09:28.428,c1/B2,0,0,0,100,100,10,0,0,10
391,1001,2021-07-02T13:09:28.428,c1/B13,0.790520608,0,0,273,273,10,96499,96499,10
392,1001,2021-07-02T13:09:28.428,c1/N77,0.27233991,0,0,100,100,10,33244,33244,10
393,1002,2021-07-02T13:09:28.428,c2/B2,0,-832,-555,273,273,10,0,0,10
394,1002,2021-07-02T13:09:28.428,c2/B13,0,-832,-555,273,273,10,0,0,10
395,1002,2021-07-02T13:09:28.428,c2/N77,0.75,-832,-555,273,273,10,91552,91552,10
396,1003,2021-07-02T13:09:28.428,c3/B2,0,-139,-1109,100,100,10,0,0,10
397,1003,2021-07-02T13:09:28.428,c3/B13,0.247780889,-139,-1109,75,75,10,30246,30246,10
398,1003,2021-07-02T13:09:28.428,c3/N77,0.191751063,-139,-1109,100,100,10,23407,23407,10
399,1004,2021-07-02T13:09:28.428,c4/B2,0.258776575,832,-555,75,75,10,31588,31588,10
400,1004,2021-07-02T13:09:28.428,c4/B13,0.249458581,832,-555,100,100,10,30451,30451,10
401,1004,2021-07-02T13:09:28.428,c4/N77,0.321756661,832,-555,75,75,10,39276,39276,10
402,1005,2021-07-02T13:09:28.428,c5/B2,0.23431246,832,555,75,75,10,28602,28602,10
403,1005,2021-07-02T13:09:28.428,c5/B13,0.908005595,832,555,273,273,10,110840,110840,10
404,1005,2021-07-02T13:09:28.428,c5/N77,0.253565043,832,555,100,100,10,30952,30952,10
405,1006,2021-07-02T13:09:28.428,c6/B2,0,0,1109,75,75,10,0,0,10
406,1006,2021-07-02T13:09:28.428,c6/B13,0.75,0,1109,273,273,10,91552,91552,10
407,1006,2021-07-02T13:09:28.428,c6/N77,1.005576134,0,1109,273,273,10,122750,122750,10
408,1007,2021-07-02T13:09:28.428,c7/B2,0.27409181,-832,555,75,75,10,33458,33458,10
409,1007,2021-07-02T13:09:28.428,c7/B13,0,-832,555,100,100,10,0,0,10
410,1007,2021-07-02T13:09:28.428,c7/N77,0.258923888,-832,555,100,100,10,31606,31606,10
411,1008,2021-07-02T13:09:28.428,c8/B2,0.936071873,-1664,0,273,273,10,114266,114266,10
412,1008,2021-07-02T13:09:28.428,c8/B13,0.312963724,-1664,0,75,75,10,38203,38203,10
413,1008,2021-07-02T13:09:28.428,c8/N77,0,-1664,0,100,100,10,0,0,10
414,1009,2021-07-02T13:09:28.428,c9/B2,0.353357792,-1941,-1109,75,75,10,43134,43134,10
415,1009,2021-07-02T13:09:28.428,c9/B13,0.200000003,-1941,-1109,273,273,10,24414,24414,10
416,1009,2021-07-02T13:09:28.428,c9/N77,0,-1941,-1109,75,75,10,0,0,10
417,1010,2021-07-02T13:09:28.428,c10/B2,0.360520482,-1109,-1664,75,75,10,44008,44008,10
418,1010,2021-07-02T13:09:28.428,c10/B13,0,-1109,-1664,100,100,10,0,0,10
419,1010,2021-07-02T13:09:28.428,c10/N77,0,-1109,-1664,75,75,10,0,0,10
420,1011,2021-07-02T13:09:28.428,c11/B2,0.200000003,0,-2219,75,75,10,24414,24414,10
421,1011,2021-07-02T13:09:28.428,c11/B13,0.75,0,-2219,273,273,10,91552,91552,10
422,1011,2021-07-02T13:09:28.428,c11/N77,0,0,-2219,100,100,10,0,0,10
423,1012,2021-07-02T13:09:28.428,c12/B2,0.321047217,832,-1664,75,75,10,39190,39190,10
424,1012,2021-07-02T13:09:28.428,c12/B13,0.75,832,-1664,273,273,10,91552,91552,10
425,1012,2021-07-02T13:09:28.428,c12/N77,0,832,-1664,273,273,10,0,0,10
426,1013,2021-07-02T13:09:28.428,c13/B2,0.75,1664,-1109,273,273,10,91552,91552,10
427,1013,2021-07-02T13:09:28.428,c13/B13,0,1664,-1109,100,100,10,0,0,10
428,1013,2021-07-02T13:09:28.428,c13/N77,0.254462421,1664,-1109,100,100,10,31062,31062,10
429,1001,2021-07-02T13:09:28.438,c1/B2,0,0,0,100,100,10,0,0,10
430,1001,2021-07-02T13:09:28.438,c1/B13,0.256459594,0,0,100,100,10,31306,31306,10
431,1001,2021-07-02T13:09:28.438,c1/N77,0.935544252,0,0,273,273,10,114202,114202,10
432,1002,2021-07-02T13:09:28.438,c2/B2,0.908925533,-832,-555,273,273,10,110952,110952,10
433,1002,2021-07-02T13:09:28.438,c2/B13,0,-832,-555,100,100,10,0,0,10
434,1002,2021-07-02T13:09:28.438,c2/N77,0.27233991,-832,-555,100,100,10,33244,33244,10
435,1003,2021-07-02T13:09:28.438,c3/B2,0,-139,-1109,100,100,10,0,0,10
436,1003,2021-07-02T13:09:28.438,c3/B13,0.791842818,-139,-1109,273,273,10,96660,96660,10
437,1003,2021-07-02T13:09:28.438,c3/N77,0.75,-139,-1109,273,273,10,91552,91552,10
438,1004,2021-07-02T13:09:28.438,c4/B2,0,832,-555,273,273,10,0,0,10
439,1004,2021-07-02T13:09:28.438,c4/B13,0,832,-555,273,273,10,0,0,10
440,1004,2021-07-02T13:09:28.438,c4/N77,0.235644594,832,-555,75,75,10,28765,28765,10
441,1005,2021-07-02T13:09:28.438,c5/B2,0.259709686,832,555,75,75,10,31702,31702,10
442,1005,2021-07-02T13:09:28.438,c5/B13,0.249070674,832,555,75,75,10,30404,30404,10
443,1005,2021-07-02T13:09:28.438,c5/N77,0.191751063,832,555,100,100,10,23407,23407,10
444,1006,2021-07-02T13:09:28.438,c6/B2,0.320023775,0,1109,75,75,10,39065,39065,10
445,1006,2021-07-02T13:09:28.438,c6/B13,0.250395864,0,1109,100,100,10,30565,30565,10
446,1006,2021-07-02T13:09:28.438,c6/N77,0.260670304,0,1109,100,100,10,31820,31820,10
447,1007,2021-07-02T13:09:28.438,c7/B2,0.75,-832,555,273,273,10,91552,91552,10
448,1007,2021-07-02T13:09:28.438,c7/B13,0.253565043,-832,555,100,100,10,30952,30952,10
449,1007,2021-07-02T13:09:28.438,c7/N77,0,-832,555,75,75,10,0,0,10
450,1008,2021-07-02T13:09:28.438,c8/B2,0,-1664,0,100,100,10,0,0,10
451,1008,2021-07-02T13:09:28.438,c8/B13,1.016074538,-1664,0,273,273,10,124032,124032,10
452,1008,2021-07-02T13:09:28.438,c8/N77,0.274177253,-1664,0,75,75,10,33468,33468,10
453,1009,2021-07-02T13:09:28.438,c9/B2,0.75,-1941,-1109,273,273,10,91552,91552,10
454,1009,2021-07-02T13:09:28.438,c9/B13,0,-1941,-1109,100,100,10,0,0,10
455,1009,2021-07-02T13:09:28.438,c9/N77,0.351435363,-1941,-1109,75,75,10,42899,42899,10
456,1010,2021-07-02T13:09:28.438,c10/B2,0.316201091,-1109,-1664,75,75,10,38598,38598,10
457,1010,2021-07-02T13:09:28.438,c10/B13,0,-1109,-1664,100,100,10,0,0,10
458,1010,2021-07-02T13:09:28.438,c10/N77,0.360835522,-1109,-1664,75,75,10,44047,44047,10
459,1011,2021-07-02T13:09:28.438,c11/B2,0.200000003,0,-2219,273,273,10,24414,24414,10
460,1011,2021-07-02T13:09:28.438,c11/B13,0,0,-2219,75,75,10,0,0,10
461,1011,2021-07-02T13:09:28.438,c11/N77,0,0,-2219,273,273,10,0,0,10
462,1012,2021-07-02T13:09:28.438,c12/B2,0.75,832,-1664,273,273,10,91552,91552,10
463,1012,2021-07-02T13:09:28.438,c12/B13,0,832,-1664,75,75,10,0,0,10
464,1012,2021-07-02T13:09:28.438,c12/N77,0.200000003,832,-1664,75,75,10,24414,24414,10
465,1013,2021-07-02T13:09:28.438,c13/B2,0.75,1664,-1109,273,273,10,91552,91552,10
466,1013,2021-07-02T13:09:28.438,c13/B13,0,1664,-1109,100,100,10,0,0,10
467,1013,2021-07-02T13:09:28.438,c13/N77,0.321928829,1664,-1109,75,75,10,39297,39297,10
468,1001,2021-07-02T13:09:28.448,c1/B2,0,0,0,100,100,10,0,0,10
469,1001,2021-07-02T13:09:28.448,c1/B13,0.322863787,0,0,75,75,10,39412,39412,10
470,1001,2021-07-02T13:09:28.448,c1/N77,0,0,0,100,100,10,0,0,10
471,1002,2021-07-02T13:09:28.448,c2/B2,0.250369281,-832,-555,75,75,10,30562,30562,10
472,1002,2021-07-02T13:09:28.448,c2/B13,0,-832,-555,100,100,10,0,0,10
473,1002,2021-07-02T13:09:28.448,c2/N77,0.934779465,-832,-555,273,273,10,114108,114108,10
474,1003,2021-07-02T13:09:28.448,c3/B2,0,-139,-1109,100,100,10,0,0,10
475,1003,2021-07-02T13:09:28.448,c3/B13,0.258494884,-139,-1109,100,100,10,31554,31554,10
476,1003,2021-07-02T13:09:28.448,c3/N77,0.27233991,-139,-1109,100,100,10,33244,33244,10
477,1004,2021-07-02T13:09:28.448,c4/B2,0.911657631,832,-555,273,273,10,111286,111286,10
478,1004,2021-07-02T13:09:28.448,c4/B13,0,832,-555,100,100,10,0,0,10
479,1004,2021-07-02T13:09:28.448,c4/N77,0.260658413,832,-555,75,75,10,31818,31818,10
480,1005,2021-07-02T13:09:28.448,c5/B2,0,832,555,273,273,10,0,0,10
481,1005,2021-07-02T13:09:28.448,c5/B13,0.793183506,832,555,273,273,10,96824,96824,10
482,1005,2021-07-02T13:09:28.448,c5/N77,0.75,832,555,273,273,10,91552,91552,10
483,1006,2021-07-02T13:09:28.448,c6/B2,0.23699899,0,1109,75,75,10,28930,28930,10
484,1006,2021-07-02T13:09:28.448,c6/B13,0,0,1109,273,273,10,0,0,10
485,1006,2021-07-02T13:09:28.448,c6/N77,0,0,1109,75,75,10,0,0,10
486,1007,2021-07-02T13:09:28.448,c7/B2,0.251351565,-832,555,100,100,10,30682,30682,10
487,1007,2021-07-02T13:09:28.448,c7/B13,0.191751063,-832,555,100,100,10,23407,23407,10
488,1007,2021-07-02T13:09:28.448,c7/N77,0.318320841,-832,555,75,75,10,38857,38857,10
489,1008,2021-07-02T13:09:28.448,c8/B2,0.253565043,-1664,0,100,100,10,30952,30952,10
490,1008,2021-07-02T13:09:28.448,c8/B13,0.262431949,-1664,0,100,100,10,32035,32035,10
491,1008,2021-07-02T13:09:28.448,c8/N77,0.75,-1664,0,273,273,10,91552,91552,10
492,1009,2021-07-02T13:09:28.448,c9/B2,0.75,-1941,-1109,273,273,10,91552,91552,10
493,1009,2021-07-02T13:09:28.448,c9/B13,0,-1941,-1109,100,100,10,0,0,10
494,1009,2021-07-02T13:09:28.448,c9/N77,0.75,-1941,-1109,273,273,10,91552,91552,10
495,1010,2021-07-02T13:09:28.448,c10/B2,1.027408719,-1109,-1664,273,273,10,125416,125416,10
496,1010,2021-07-02T13:09:28.448,c10/B13,0.274261236,-1109,-1664,75,75,10,33479,33479,10
497,1010,2021-07-02T13:09:28.448,c10/N77,0.319521666,-1109,-1664,75,75,10,39004,39004,10
498,1011,2021-07-02T13:09:28.448,c11/B2,0,0,-2219,100,100,10,0,0,10
499,1011,2021-07-02T13:09:28.448,c11/B13,0.349573761,0,-2219,75,75,10,42672,42672,10
500,1011,2021-07-02T13:09:28.448,c11/N77,0.200000003,0,-2219,75,75,10,24414,24414,10
501,1012,2021-07-02T13:09:28.448,c12/B2,0,832,-1664,75,75,10,0,0,10
502,1012,2021-07-02T13:09:28.448,c12/B13,0.361064404,832,-1664,75,75,10,44075,44075,10
503,1012,2021-07-02T13:09:28.448,c12/N77,0.200000003,832,-1664,273,273,10,24414,24414,10
504,1013,2021-07-02T13:09:28.448,c13/B2,0,1664,-1109,75,75,10,0,0,10
505,1013,2021-07-02T13:09:28.448,c13/B13,0,1664,-1109,273,273,10,0,0,10
506,1013,2021-07-02T13:09:28.448,c13/N77,0.75,1664,-1109,273,273,10,91552,91552,10
507,1001,2021-07-02T13:09:28.458,c1/B2,0,0,0,273,273,10,0,0,10
508,1001,2021-07-02T13:09:28.458,c1/B13,0.75,0,0,273,273,10,91552,91552,10
509,1001,2021-07-02T13:09:28.458,c1/N77,0.253565043,0,0,100,100,10,30952,30952,10
510,1002,2021-07-02T13:09:28.458,c2/B2,0.794543266,-832,-555,273,273,10,96990,96990,10
511,1002,2021-07-02T13:09:28.458,c2/B13,0,-832,-555,100,100,10,0,0,10
512,1002,2021-07-02T13:09:28.458,c2/N77,0,-832,-555,100,100,10,0,0,10
513,1003,2021-07-02T13:09:28.458,c3/B2,0,-139,-1109,100,100,10,0,0,10
514,1003,2021-07-02T13:09:28.458,c3/B13,0.3238554,-139,-1109,75,75,10,39533,39533,10
515,1003,2021-07-02T13:09:28.458,c3/N77,0.93379271,-139,-1109,273,273,10,113988,113988,10
516,1004,2021-07-02T13:09:28.458,c4/B2,0.251676083,832,-555,75,75,10,30722,30722,10
517,1004,2021-07-02T13:09:28.458,c4/B13,0,832,-555,100,100,10,0,0,10
518,1004,2021-07-02T13:09:28.458,c4/N77,0,832,-555,273,273,10,0,0,10
519,1005,2021-07-02T13:09:28.458,c5/B2,0.914437354,832,555,273,273,10,111625,111625,10
520,1005,2021-07-02T13:09:28.458,c5/B13,0.260569662,832,555,100,100,10,31807,31807,10
521,1005,2021-07-02T13:09:28.458,c5/N77,0.27233991,832,555,100,100,10,33244,33244,10
522,1006,2021-07-02T13:09:28.458,c6/B2,0.261623114,0,1109,75,75,10,31936,31936,10
523,1006,2021-07-02T13:09:28.458,c6/B13,0,0,1109,100,100,10,0,0,10
524,1006,2021-07-02T13:09:28.458,c6/N77,0.280735105,0,1109,75,75,10,34269,34269,10
525,1007,2021-07-02T13:09:28.458,c7/B2,0,-832,555,273,273,10,0,0,10
526,1007,2021-07-02T13:09:28.458,c7/B13,0.75,-832,555,273,273,10,91552,91552,10
527,1007,2021-07-02T13:09:28.458,c7/N77,0.238376334,-832,555,75,75,10,29098,29098,10
528,1008,2021-07-02T13:09:28.458,c8/B2,0.191751063,-1664,0,100,100,10,23407,23407,10
529,1008,2021-07-02T13:09:28.458,c8/B13,0,-1664,0,75,75,10,0,0,10
530,1008,2021-07-02T13:09:28.458,c8/N77,0.252325803,-1664,0,100,100,10,30801,30801,10
531,1009,2021-07-02T13:09:28.458,c9/B2,0,-1941,-1109,75,75,10,0,0,10
532,1009,2021-07-02T13:09:28.458,c9/B13,0.274343729,-1941,-1109,75,75,10,33489,33489,10
533,1009,2021-07-02T13:09:28.458,c9/N77,0.75,-1941,-1109,273,273,10,91552,91552,10
534,1010,2021-07-02T13:09:28.458,c10/B2,0.264208227,-1109,-1664,100,100,10,32251,32251,10
535,1010,2021-07-02T13:09:28.458,c10/B13,0.75,-1109,-1664,273,273,10,91552,91552,10
536,1010,2021-07-02T13:09:28.458,c10/N77,1.039722323,-1109,-1664,273,273,10,126919,126919,10
537,1011,2021-07-02T13:09:28.458,c11/B2,0,0,-2219,100,100,10,0,0,10
538,1011,2021-07-02T13:09:28.458,c11/B13,0.75,0,-2219,273,273,10,91552,91552,10
539,1011,2021-07-02T13:09:28.458,c11/N77,0.200000003,0,-2219,273,273,10,24414,24414,10
540,1012,2021-07-02T13:09:28.458,c12/B2,0.347780079,832,-1664,75,75,10,42453,42453,10
541,1012,2021-07-02T13:09:28.458,c12/B13,0.32292214,832,-1664,75,75,10,39419,39419,10
542,1012,2021-07-02T13:09:28.458,c12/N77,0,832,-1664,100,100,10,0,0,10
543,1013,2021-07-02T13:09:28.458,c13/B2,0.361185998,1664,-1109,75,75,10,44090,44090,10
544,1013,2021-07-02T13:09:28.458,c13/B13,0.200000003,1664,-1109,75,75,10,24414,24414,10
545,1013,2021-07-02T13:09:28.458,c13/N77,0,1664,-1109,75,75,10,0,0,10
546,1001,2021-07-02T13:09:28.468,c1/B2,0.200000003,0,0,75,75,10,24414,24414,10
547,1001,2021-07-02T13:09:28.468,c1/B13,0,0,0,75,75,10,0,0,10
548,1001,2021-07-02T13:09:28.468,c1/N77,0.191751063,0,0,100,100,10,23407,23407,10
549,1002,2021-07-02T13:09:28.468,c2/B2,0.262685359,-832,-555,100,100,10,32066,32066,10
550,1002,2021-07-02T13:09:28.468,c2/B13,0,-832,-555,100,100,10,0,0,10
551,1002,2021-07-02T13:09:28.468,c2/N77,0.253565043,-832,-555,100,100,10,30952,30952,10
552,1003,2021-07-02T13:09:28.468,c3/B2,0,-139,-1109,273,273,10,0,0,10
553,1003,2021-07-02T13:09:28.468,c3/B13,0.75,-139,-1109,273,273,10,91552,91552,10
554,1003,2021-07-02T13:09:28.468,c3/N77,0,-139,-1109,100,100,10,0,0,10
555,1004,2021-07-02T13:09:28.468,c4/B2,0.795922637,832,-555,273,273,10,97158,97158,10
556,1004,2021-07-02T13:09:28.468,c4/B13,0,832,-555,100,100,10,0,0,10
557,1004,2021-07-02T13:09:28.468,c4/N77,0.917266071,832,-555,273,273,10,111970,111970,10
558,1005,2021-07-02T13:09:28.468,c5/B2,0.252990395,832,555,75,75,10,30882,30882,10
559,1005,2021-07-02T13:09:28.468,c5/B13,0.324907303,832,555,75,75,10,39661,39661,10
560,1005,2021-07-02T13:09:28.468,c5/N77,0.937849641,832,555,273,273,10,114483,114483,10
561,1006,2021-07-02T13:09:28.468,c6/B2,0,0,1109,273,273,10,0,0,10
562,1006,2021-07-02T13:09:28.468,c6/B13,0,0,1109,100,100,10,0,0,10
563,1006,2021-07-02T13:09:28.468,c6/N77,0.239777371,0,1109,75,75,10,29269,29269,10
564,1007,2021-07-02T13:09:28.468,c7/B2,0,-832,555,100,100,10,0,0,10
565,1007,2021-07-02T13:09:28.468,c7/B13,0.27233991,-832,555,100,100,10,33244,33244,10
566,1007,2021-07-02T13:09:28.468,c7/N77,0.262604266,-832,555,75,75,10,32056,32056,10
567,1008,2021-07-02T13:09:28.468,c8/B2,0.75,-1664,0,273,273,10,91552,91552,10
568,1008,2021-07-02T13:09:28.468,c8/B13,0.280493945,-1664,0,75,75,10,34239,34239,10
569,1008,2021-07-02T13:09:28.468,c8/N77,0,-1664,0,273,273,10,0,0,10
570,1009,2021-07-02T13:09:28.468,c9/B2,0.361183971,-1941,-1109,75,75,10,44089,44089,10
571,1009,2021-07-02T13:09:28.468,c9/B13,0.75,-1941,-1109,273,273,10,91552,91552,10
572,1009,2021-07-02T13:09:28.468,c9/N77,0,-1941,-1109,75,75,10,0,0,10
573,1010,2021-07-02T13:09:28.468,c10/B2,0,-1109,-1664,75,75,10,0,0,10
574,1010,2021-07-02T13:09:28.468,c10/B13,0.253318578,-1109,-1664,100,100,10,30922,30922,10
575,1010,2021-07-02T13:09:28.468,c10/N77,0.265998513,-1109,-1664,100,100,10,32470,32470,10
576,1011,2021-07-02T13:09:28.468,c11/B2,0.274424702,0,-2219,75,75,10,33499,33499,10
577,1011,2021-07-02T13:09:28.468,c11/B13,0.75,0,-2219,273,273,10,91552,91552,10
578,1011,2021-07-02T13:09:28.468,c11/N77,0,0,-2219,100,100,10,0,0,10
579,1012,2021-07-02T13:09:28.468,c12/B2,0.75,832,-1664,273,273,10,91552,91552,10
580,1012,2021-07-02T13:09:28.468,c12/B13,1.05319941,832,-1664,273,273,10,128564,128564,10
581,1012,2021-07-02T13:09:28.468,c12/N77,0,832,-1664,100,100,10,0,0,10
582,1013,2021-07-02T13:09:28.468,c13/B2,0.326396823,1664,-1109,75,75,10,39843,39843,10
583,1013,2021-07-02T13:09:28.468,c13/B13,0.200000003,1664,-1109,273,273,10,24414,24414,10
584,1013,2021-07-02T13:09:28.468,c13/N77,0.346057802,1664,-1109,75,75,10,42243,42243,10
585,1001,2021-07-02T13:09:28.478,c1/B2,0.200000003,0,0,273,273,10,24414,24414,10
586,1001,2021-07-02T13:09:28.478,c1/B13,0.344407827,0,0,75,75,10,42041,42041,10
587,1001,2021-07-02T13:09:28.478,c1/N77,0,0,0,273,273,10,0,0,10
588,1002,2021-07-02T13:09:28.478,c2/B2,0.326023549,-832,-555,75,75,10,39797,39797,10
589,1002,2021-07-02T13:09:28.478,c2/B13,0,-832,-555,273,273,10,0,0,10
590,1002,2021-07-02T13:09:28.478,c2/N77,0.191751063,-832,-555,100,100,10,23407,23407,10
591,1003,2021-07-02T13:09:28.478,c3/B2,0.200000003,-139,-1109,75,75,10,24414,24414,10
592,1003,2021-07-02T13:09:28.478,c3/B13,0,-139,-1109,75,75,10,0,0,10
593,1003,2021-07-02T13:09:28.478,c3/N77,0.253565043,-139,-1109,100,100,10,30952,30952,10
594,1004,2021-07-02T13:09:28.478,c4/B2,0.264843464,832,-555,100,100,10,32329,32329,10
595,1004,2021-07-02T13:09:28.478,c4/B13,0,832,-555,100,100,10,0,0,10
596,1004,2021-07-02T13:09:28.478,c4/N77,0.254311472,832,-555,75,75,10,31043,31043,10
597,1005,2021-07-02T13:09:28.478,c5/B2,0.797322094,832,555,273,273,10,97329,97329,10
598,1005,2021-07-02T13:09:28.478,c5/B13,0.75,832,555,273,273,10,91552,91552,10
599,1005,2021-07-02T13:09:28.478,c5/N77,0,832,555,100,100,10,0,0,10
600,1006,2021-07-02T13:09:28.478,c6/B2,0.910194576,0,1109,273,273,10,111107,111107,10
601,1006,2021-07-02T13:09:28.478,c6/B13,0,0,1109,100,100,10,0,0,10
602,1006,2021-07-02T13:09:28.478,c6/N77,0.263602167,0,1109,75,75,10,32177,32177,10
603,1007,2021-07-02T13:09:28.478,c7/B2,0,-832,555,100,100,10,0,0,10
604,1007,2021-07-02T13:09:28.478,c7/B13,0.942130148,-832,555,273,273,10,115006,115006,10
605,1007,2021-07-02T13:09:28.478,c7/N77,0,-832,555,273,273,10,0,0,10
606,1008,2021-07-02T13:09:28.478,c8/B2,0.27233991,-1664,0,100,100,10,33244,33244,10
607,1008,2021-07-02T13:09:28.478,c8/B13,0.241202876,-1664,0,75,75,10,29443,29443,10
608,1008,2021-07-02T13:09:28.478,c8/N77,0,-1664,0,100,100,10,0,0,10
609,1009,2021-07-02T13:09:28.478,c9/B2,0.329936773,-1941,-1109,75,75,10,40275,40275,10
610,1009,2021-07-02T13:09:28.478,c9/B13,0.254329801,-1941,-1109,100,100,10,31046,31046,10
611,1009,2021-07-02T13:09:28.478,c9/N77,0.36104995,-1941,-1109,75,75,10,44073,44073,10
612,1010,2021-07-02T13:09:28.478,c10/B2,0.280246943,-1109,-1664,75,75,10,34209,34209,10
613,1010,2021-07-02T13:09:28.478,c10/B13,0,-1109,-1664,273,273,10,0,0,10
614,1010,2021-07-02T13:09:28.478,c10/N77,0,-1109,-1664,75,75,10,0,0,10
615,1011,2021-07-02T13:09:28.478,c11/B2,0.75,0,-2219,273,273,10,91552,91552,10
616,1011,2021-07-02T13:09:28.478,c11/B13,0,0,-2219,75,75,10,0,0,10
617,1011,2021-07-02T13:09:28.478,c11/N77,0,0,-2219,100,100,10,0,0,10
618,1012,2021-07-02T13:09:28.478,c12/B2,0.75,832,-1664,273,273,10,91552,91552,10
619,1012,2021-07-02T13:09:28.478,c12/B13,0.26780197,832,-1664,100,100,10,32690,32690,10
620,1012,2021-07-02T13:09:28.478,c12/N77,0.274504125,832,-1664,75,75,10,33508,33508,10
621,1013,2021-07-02T13:09:28.478,c13/B2,1.068080783,1664,-1109,273,273,10,130380,130380,10
622,1013,2021-07-02T13:09:28.478,c13/B13,0,1664,-1109,100,100,10,0,0,10
623,1013,2021-07-02T13:09:28.478,c13/N77,0.75,1664,-1109,273,273,10,91552,91552,10
624,1001,2021-07-02T13:09:28.488,c1/B2,0,0,0,100,100,10,0,0,10
625,1001,2021-07-02T13:09:28.488,c1/B13,0.75,0,0,273,273,10,91552,91552,10
626,1001,2021-07-02T13:09:28.488,c1/N77,0.27233991,0,0,100,100,10,33244,33244,10
627,1002,2021-07-02T13:09:28.488,c2/B2,0.75,-832,-555,273,273,10,91552,91552,10
628,1002,2021-07-02T13:09:28.488,c2/B13,0.200000003,-832,-555,75,75,10,24414,24414,10
629,1002,2021-07-02T13:09:28.488,c2/N77,0,-832,-555,273,273,10,0,0,10
630,1003,2021-07-02T13:09:28.488,c3/B2,0.200000003,-139,-1109,273,273,10,24414,24414,10
631,1003,2021-07-02T13:09:28.488,c3/B13,0.342829436,-139,-1109,75,75,10,41849,41849,10
632,1003,2021-07-02T13:09:28.488,c3/N77,0.191751063,-139,-1109,100,100,10,23407,23407,10
633,1004,2021-07-02T13:09:28.488,c4/B2,0.327208757,832,-555,75,75,10,39942,39942,10
634,1004,2021-07-02T13:09:28.488,c4/B13,0,832,-555,273,273,10,0,0,10
635,1004,2021-07-02T13:09:28.488,c4/N77,0.798742235,832,-555,273,273,10,97502,97502,10
636,1005,2021-07-02T13:09:28.488,c5/B2,0.267045617,832,555,100,100,10,32598,32598,10
637,1005,2021-07-02T13:09:28.488,c5/B13,0,832,555,75,75,10,0,0,10
638,1005,2021-07-02T13:09:28.488,c5/N77,0.253565043,832,555,100,100,10,30952,30952,10
639,1006,2021-07-02T13:09:28.488,c6/B2,0.255638361,0,1109,75,75,10,31205,31205,10
640,1006,2021-07-02T13:09:28.488,c6/B13,0,0,1109,100,100,10,0,0,10
641,1006,2021-07-02T13:09:28.488,c6/N77,0,0,1109,273,273,10,0,0,10
642,1007,2021-07-02T13:09:28.488,c7/B2,0,-832,555,100,100,10,0,0,10
643,1007,2021-07-02T13:09:28.488,c7/B13,0,-832,555,100,100,10,0,0,10
644,1007,2021-07-02T13:09:28.488,c7/N77,0.913662672,-832,555,273,273,10,111531,111531,10
645,1008,2021-07-02T13:09:28.488,c8/B2,0.946656823,-1664,0,273,273,10,115558,115558,10
646,1008,2021-07-02T13:09:28.488,c8/B13,0.264617264,-1664,0,75,75,10,32301,32301,10
647,1008,2021-07-02T13:09:28.488,c8/N77,0,-1664,0,100,100,10,0,0,10
648,1009,2021-07-02T13:09:28.488,c9/B2,1.08468926,-1941,-1109,273,273,10,132408,132408,10
649,1009,2021-07-02T13:09:28.488,c9/B13,0,-1941,-1109,273,273,10,0,0,10
650,1009,2021-07-02T13:09:28.488,c9/N77,0.333528847,-1941,-1109,75,75,10,40713,40713,10
651,1010,2021-07-02T13:09:28.488,c10/B2,0.242653653,-1109,-1664,75,75,10,29620,29620,10
652,1010,2021-07-02T13:09:28.488,c10/B13,0,-1109,-1664,100,100,10,0,0,10
653,1010,2021-07-02T13:09:28.488,c10/N77,0.279997408,-1109,-1664,75,75,10,34179,34179,10
654,1011,2021-07-02T13:09:28.488,c11/B2,0.255359173,0,-2219,100,100,10,31171,31171,10
655,1011,2021-07-02T13:09:28.488,c11/B13,0.360785306,0,-2219,75,75,10,44041,44041,10
656,1011,2021-07-02T13:09:28.488,c11/N77,0.274581969,0,-2219,75,75,10,33518,33518,10
657,1012,2021-07-02T13:09:28.488,c12/B2,0,832,-1664,75,75,10,0,0,10
658,1012,2021-07-02T13:09:28.488,c12/B13,0,832,-1664,75,75,10,0,0,10
659,1012,2021-07-02T13:09:28.488,c12/N77,0.75,832,-1664,273,273,10,91552,91552,10
660,1013,2021-07-02T13:09:28.488,c13/B2,0.269617736,1664,-1109,100,100,10,32912,32912,10
661,1013,2021-07-02T13:09:28.488,c13/B13,0,1664,-1109,100,100,10,0,0,10
662,1013,2021-07-02T13:09:28.488,c13/N77,0.75,1664,-1109,273,273,10,91552,91552,10
663,1001,2021-07-02T13:09:28.498,c1/B2,0,0,0,100,100,10,0,0,10
664,1001,2021-07-02T13:09:28.498,c1/B13,0.75,0,0,273,273,10,91552,91552,10
665,1001,2021-07-02T13:09:28.498,c1/N77,0.951454699,0,0,273,273,10,116144,116144,10
666,1002,2021-07-02T13:09:28.498,c2/B2,0,-832,-555,75,75,10,0,0,10
667,1002,2021-07-02T13:09:28.498,c2/B13,0.200000003,-832,-555,273,273,10,24414,24414,10
668,1002,2021-07-02T13:09:28.498,c2/N77,0.27233991,-832,-555,100,100,10,33244,33244,10
669,1003,2021-07-02T13:09:28.498,c3/B2,0,-139,-1109,100,100,10,0,0,10
670,1003,2021-07-02T13:09:28.498,c3/B13,0.75,-139,-1109,273,273,10,91552,91552,10
671,1003,2021-07-02T13:09:28.498,c3/N77,0,-139,-1109,273,273,10,0,0,10
672,1004,2021-07-02T13:09:28.498,c4/B2,0.75,832,-555,273,273,10,91552,91552,10
673,1004,2021-07-02T13:09:28.498,c4/B13,0.200000003,832,-555,75,75,10,24414,24414,10
674,1004,2021-07-02T13:09:28.498,c4/N77,0.269293457,832,-555,100,100,10,32872,32872,10
675,1005,2021-07-02T13:09:28.498,c5/B2,0.328467995,832,555,75,75,10,40096,40096,10
676,1005,2021-07-02T13:09:28.498,c5/B13,0.341320813,832,555,75,75,10,41665,41665,10
677,1005,2021-07-02T13:09:28.498,c5/N77,0.191751063,832,555,100,100,10,23407,23407,10
678,1006,2021-07-02T13:09:28.498,c6/B2,0.800183713,0,1109,273,273,10,97678,97678,10
679,1006,2021-07-02T13:09:28.498,c6/B13,0,0,1109,273,273,10,0,0,10
680,1006,2021-07-02T13:09:28.498,c6/N77,0.91718632,0,1109,273,273,10,111961,111961,10
681,1007,2021-07-02T13:09:28.498,c7/B2,0,-832,555,100,100,10,0,0,10
682,1007,2021-07-02T13:09:28.498,c7/B13,0.253565043,-832,555,100,100,10,30952,30952,10
683,1007,2021-07-02T13:09:28.498,c7/N77,0.256970108,-832,555,75,75,10,31368,31368,10
684,1008,2021-07-02T13:09:28.498,c8/B2,0,-1664,0,100,100,10,0,0,10
685,1008,2021-07-02T13:09:28.498,c8/B13,0,-1664,0,273,273,10,0,0,10
686,1008,2021-07-02T13:09:28.498,c8/N77,0,-1664,0,100,100,10,0,0,10
687,1009,2021-07-02T13:09:28.498,c9/B2,0.271444768,-1941,-1109,100,100,10,33135,33135,10
688,1009,2021-07-02T13:09:28.498,c9/B13,0,-1941,-1109,100,100,10,0,0,10
689,1009,2021-07-02T13:09:28.498,c9/N77,1.103472233,-1941,-1109,273,273,10,134701,134701,10
690,1010,2021-07-02T13:09:28.498,c10/B2,0.265649855,-1109,-1664,75,75,10,32427,32427,10
691,1010,2021-07-02T13:09:28.498,c10/B13,0,-1109,-1664,100,100,10,0,0,10
692,1010,2021-07-02T13:09:28.498,c10/N77,0.244130552,-1109,-1664,75,75,10,29801,29801,10
693,1011,2021-07-02T13:09:28.498,c11/B2,0,0,-2219,273,273,10,0,0,10
694,1011,2021-07-02T13:09:28.498,c11/B13,0.337154478,0,-2219,75,75,10,41156,41156,10
695,1011,2021-07-02T13:09:28.498,c11/N77,0.75,0,-2219,273,273,10,91552,91552,10
696,1012,2021-07-02T13:09:28.498,c12/B2,0.360400796,832,-1664,75,75,10,43994,43994,10
697,1012,2021-07-02T13:09:28.498,c12/B13,0.279748231,832,-1664,75,75,10,34148,34148,10
698,1012,2021-07-02T13:09:28.498,c12/N77,0.256406218,832,-1664,100,100,10,31299,31299,10
699,1013,2021-07-02T13:09:28.498,c13/B2,0,1664,-1109,75,75,10,0,0,10
700,1013,2021-07-02T13:09:28.498,c13/B13,0.274658203,1664,-1109,75,75,10,33527,33527,10
701,1013,2021-07-02T13:09:28.498,c13/N77,0,1664,-1109,75,75,10,0,0,10
702,1001,2021-07-02T13:09:28.508,c1/B2,0.274732798,0,0,75,75,10,33536,33536,10
703,1001,2021-07-02T13:09:28.508,c1/B13,0,0,0,75,75,10,0,0,10
704,1001,2021-07-02T13:09:28.508,c1/N77,0,0,0,100,100,10,0,0,10
705,1002,2021-07-02T13:09:28.508,c2/B2,0.339879453,-832,-555,75,75,10,41489,41489,10
706,1002,2021-07-02T13:09:28.508,c2/B13,0,-832,-555,100,100,10,0,0,10
707,1002,2021-07-02T13:09:28.508,c2/N77,0.956551254,-832,-555,273,273,10,116766,116766,10
708,1003,2021-07-02T13:09:28.508,c3/B2,0,-139,-1109,100,100,10,0,0,10
709,1003,2021-07-02T13:09:28.508,c3/B13,0.75,-139,-1109,273,273,10,91552,91552,10
710,1003,2021-07-02T13:09:28.508,c3/N77,0.27233991,-139,-1109,100,100,10,33244,33244,10
711,1004,2021-07-02T13:09:28.508,c4/B2,0,832,-555,75,75,10,0,0,10
712,1004,2021-07-02T13:09:28.508,c4/B13,0.200000003,832,-555,273,273,10,24414,24414,10
713,1004,2021-07-02T13:09:28.508,c4/N77,0.329807103,832,-555,75,75,10,40259,40259,10
714,1005,2021-07-02T13:09:28.508,c5/B2,0.75,832,555,273,273,10,91552,91552,10
715,1005,2021-07-02T13:09:28.508,c5/B13,0.75,832,555,273,273,10,91552,91552,10
716,1005,2021-07-02T13:09:28.508,c5/N77,0,832,555,273,273,10,0,0,10
717,1006,2021-07-02T13:09:28.508,c6/B2,0.271588743,0,1109,100,100,10,33152,33152,10
718,1006,2021-07-02T13:09:28.508,c6/B13,0.200000003,0,1109,75,75,10,24414,24414,10
719,1006,2021-07-02T13:09:28.508,c6/N77,0.25830555,0,1109,75,75,10,31531,31531,10
720,1007,2021-07-02T13:09:28.508,c7/B2,0,-832,555,273,273,10,0,0,10
721,1007,2021-07-02T13:09:28.508,c7/B13,0.191751063,-832,555,100,100,10,23407,23407,10
722,1007,2021-07-02T13:09:28.508,c7/N77,0.801647127,-832,555,273,273,10,97857,97857,10
723,1008,2021-07-02T13:09:28.508,c8/B2,0.253565043,-1664,0,100,100,10,30952,30952,10
724,1008,2021-07-02T13:09:28.508,c8/B13,0.920767009,-1664,0,273,273,10,112398,112398,10
725,1008,2021-07-02T13:09:28.508,c8/N77,0,-1664,0,100,100,10,0,0,10
726,1009,2021-07-02T13:09:28.508,c9/B2,0,-1941,-1109,75,75,10,0,0,10
727,1009,2021-07-02T13:09:28.508,c9/B13,0,-1941,-1109,100,100,10,0,0,10
728,1009,2021-07-02T13:09:28.508,c9/N77,0.273281842,-1941,-1109,100,100,10,33359,33359,10
729,1010,2021-07-02T13:09:28.508,c10/B2,0,-1109,-1664,273,273,10,0,0,10
730,1010,2021-07-02T13:09:28.508,c10/B13,0,-1109,-1664,100,100,10,0,0,10
731,1010,2021-07-02T13:09:28.508,c10/N77,0.266700268,-1109,-1664,75,75,10,32556,32556,10
732,1011,2021-07-02T13:09:28.508,c11/B2,0,0,-2219,100,100,10,0,0,10
733,1011,2021-07-02T13:09:28.508,c11/B13,1.116892099,0,-2219,273,273,10,136339,136339,10
734,1011,2021-07-02T13:09:28.508,c11/N77,0.25747022,0,-2219,100,100,10,31429,31429,10
735,1012,2021-07-02T13:09:28.508,c12/B2,0.340788215,832,-1664,75,75,10,41600,41600,10
736,1012,2021-07-02T13:09:28.508,c12/B13,0.245634466,832,-1664,75,75,10,29984,29984,10
737,1012,2021-07-02T13:09:28.508,c12/N77,0,832,-1664,273,273,10,0,0,10
738,1013,2021-07-02T13:09:28.508,c13/B2,0.279501855,1664,-1109,75,75,10,34118,34118,10
739,1013,2021-07-02T13:09:28.508,c13/B13,0.75,1664,-1109,273,273,10,91552,91552,10
740,1013,2021-07-02T13:09:28.508,c13/N77,0.359914213,1664,-1109,75,75,10,43934,43934,10
741,1001,2021-07-02T13:09:28.518,c1/B2,0.75,0,0,273,273,10,91552,91552,10
742,1001,2021-07-02T13:09:28.518,c1/B13,0.359346896,0,0,75,75,10,43865,43865,10
743,1001,2021-07-02T13:09:28.518,c1/N77,0.253565043,0,0,100,100,10,30952,30952,10
744,1002,2021-07-02T13:09:28.518,c2/B2,0.75,-832,-555,273,273,10,91552,91552,10
745,1002,2021-07-02T13:09:28.518,c2/B13,0,-832,-555,100,100,10,0,0,10
746,1002,2021-07-02T13:09:28.518,c2/N77,0,-832,-555,100,100,10,0,0,10
747,1003,2021-07-02T13:09:28.518,c3/B2,0.274805754,-139,-1109,75,75,10,33545,33545,10
748,1003,2021-07-02T13:09:28.518,c3/B13,0,-139,-1109,75,75,10,0,0,10
749,1003,2021-07-02T13:09:28.518,c3/N77,0.961976171,-139,-1109,273,273,10,117428,117428,10
750,1004,2021-07-02T13:09:28.518,c4/B2,0.338502496,832,-555,75,75,10,41321,41321,10
751,1004,2021-07-02T13:09:28.518,c4/B13,0,832,-555,100,100,10,0,0,10
752,1004,2021-07-02T13:09:28.518,c4/N77,0.75,832,-555,273,273,10,91552,91552,10
753,1005,2021-07-02T13:09:28.518,c5/B2,0,832,555,75,75,10,0,0,10
754,1005,2021-07-02T13:09:28.518,c5/B13,0.75,832,555,273,273,10,91552,91552,10
755,1005,2021-07-02T13:09:28.518,c5/N77,0.27233991,832,555,100,100,10,33244,33244,10
756,1006,2021-07-02T13:09:28.518,c6/B2,0.331232548,0,1109,75,75,10,40433,40433,10
757,1006,2021-07-02T13:09:28.518,c6/B13,0.200000003,0,1109,273,273,10,24414,24414,10
758,1006,2021-07-02T13:09:28.518,c6/N77,0.80313313,0,1109,273,273,10,98038,98038,10
759,1007,2021-07-02T13:09:28.518,c7/B2,0.200000003,-832,555,75,75,10,24414,24414,10
760,1007,2021-07-02T13:09:28.518,c7/B13,0,-832,555,273,273,10,0,0,10
761,1007,2021-07-02T13:09:28.518,c7/N77,0.273933321,-832,555,100,100,10,33439,33439,10
762,1008,2021-07-02T13:09:28.518,c8/B2,0.191751063,-1664,0,100,100,10,23407,23407,10
763,1008,2021-07-02T13:09:28.518,c8/B13,0.259643435,-1664,0,75,75,10,31694,31694,10
764,1008,2021-07-02T13:09:28.518,c8/N77,0,-1664,0,273,273,10,0,0,10
765,1009,2021-07-02T13:09:28.518,c9/B2,0.279260337,-1941,-1109,75,75,10,34089,34089,10
766,1009,2021-07-02T13:09:28.518,c9/B13,0,-1941,-1109,100,100,10,0,0,10
767,1009,2021-07-02T13:09:28.518,c9/N77,0,-1941,-1109,75,75,10,0,0,10
768,1010,2021-07-02T13:09:28.518,c10/B2,0.924405992,-1109,-1664,273,273,10,112842,112842,10
769,1010,2021-07-02T13:09:28.518,c10/B13,0,-1109,-1664,100,100,10,0,0,10
770,1010,2021-07-02T13:09:28.518,c10/N77,0,-1109,-1664,273,273,10,0,0,10
771,1011,2021-07-02T13:09:28.518,c11/B2,0,0,-2219,100,100,10,0,0,10
772,1011,2021-07-02T13:09:28.518,c11/B13,0.27512759,0,-2219,100,100,10,33584,33584,10
773,1011,2021-07-02T13:09:28.518,c11/N77,0,0,-2219,273,273,10,0,0,10
774,1012,2021-07-02T13:09:28.518,c12/B2,1.128203034,832,-1664,273,273,10,137720,137720,10
775,1012,2021-07-02T13:09:28.518,c12/B13,0.26776886,832,-1664,75,75,10,32686,32686,10
776,1012,2021-07-02T13:09:28.518,c12/N77,0,832,-1664,100,100,10,0,0,10
777,1013,2021-07-02T13:09:28.518,c13/B2,0.247166306,1664,-1109,75,75,10,30171,30171,10
778,1013,2021-07-02T13:09:28.518,c13/B13,0.258550197,1664,-1109,100,100,10,31561,31561,10
779,1013,2021-07-02T13:09:28.518,c13/N77,0.344396293,1664,-1109,75,75,10,42040,42040,10
780,1001,2021-07-02T13:09:28.528,c1/B2,0.259644687,0,0,100,100,10,31694,31694,10
781,1001,2021-07-02T13:09:28.528,c1/B13,0.347934842,0,0,75,75,10,42472,42472,10
782,1001,2021-07-02T13:09:28.528,c1/N77,0.191751063,0,0,100,100,10,23407,23407,10
783,1002,2021-07-02T13:09:28.528,c2/B2,0.75,-832,-555,273,273,10,91552,91552,10
784,1002,2021-07-02T13:09:28.528,c2/B13,0.274877012,-832,-555,75,75,10,33554,33554,10
785,1002,2021-07-02T13:09:28.528,c2/N77,0.253565043,-832,-555,100,100,10,30952,30952,10
786,1003,2021-07-02T13:09:28.528,c3/B2,0.75,-139,-1109,273,273,10,91552,91552,10
787,1003,2021-07-02T13:09:28.528,c3/B13,0.358720452,-139,-1109,75,75,10,43789,43789,10
788,1003,2021-07-02T13:09:28.528,c3/N77,0,-139,-1109,100,100,10,0,0,10
789,1004,2021-07-02T13:09:28.528,c4/B2,0.75,832,-555,273,273,10,91552,91552,10
790,1004,2021-07-02T13:09:28.528,c4/B13,0,832,-555,100,100,10,0,0,10
791,1004,2021-07-02T13:09:28.528,c4/N77,0,832,-555,75,75,10,0,0,10
792,1005,2021-07-02T13:09:28.528,c5/B2,0.337186843,832,555,75,75,10,41160,41160,10
793,1005,2021-07-02T13:09:28.528,c5/B13,0,832,555,75,75,10,0,0,10
794,1005,2021-07-02T13:09:28.528,c5/N77,0.967759848,832,555,273,273,10,118134,118134,10
795,1006,2021-07-02T13:09:28.528,c6/B2,0.75,0,1109,273,273,10,91552,91552,10
796,1006,2021-07-02T13:09:28.528,c6/B13,0,0,1109,100,100,10,0,0,10
797,1006,2021-07-02T13:09:28.528,c6/N77,0.27632916,0,1109,100,100,10,33731,33731,10
798,1007,2021-07-02T13:09:28.528,c7/B2,0.200000003,-832,555,273,273,10,24414,24414,10
799,1007,2021-07-02T13:09:28.528,c7/B13,0.27233991,-832,555,100,100,10,33244,33244,10
800,1007,2021-07-02T13:09:28.528,c7/N77,0.332751781,-832,555,75,75,10,40619,40619,10
801,1008,2021-07-02T13:09:28.528,c8/B2,0,-1664,0,273,273,10,0,0,10
802,1008,2021-07-02T13:09:28.528,c8/B13,0.804642379,-1664,0,273,273,10,98222,98222,10
803,1008,2021-07-02T13:09:28.528,c8/N77,0.200000003,-1664,0,75,75,10,24414,24414,10
804,1009,2021-07-02T13:09:28.528,c9/B2,0.248727053,-1941,-1109,75,75,10,30362,30362,10
805,1009,2021-07-02T13:09:28.528,c9/B13,0,-1941,-1109,100,100,10,0,0,10
806,1009,2021-07-02T13:09:28.528,c9/N77,0.279025525,-1941,-1109,75,75,10,34060,34060,10
807,1010,2021-07-02T13:09:28.528,c10/B2,0.260982364,-1109,-1664,75,75,10,31858,31858,10
808,1010,2021-07-02T13:09:28.528,c10/B13,0,-1109,-1664,273,273,10,0,0,10
809,1010,2021-07-02T13:09:28.528,c10/N77,0.928104758,-1109,-1664,273,273,10,113294,113294,10
810,1011,2021-07-02T13:09:28.528,c11/B2,0,0,-2219,100,100,10,0,0,10
811,1011,2021-07-02T13:09:28.528,c11/B13,0,0,-2219,75,75,10,0,0,10
812,1011,2021-07-02T13:09:28.528,c11/N77,0,0,-2219,100,100,10,0,0,10
813,1012,2021-07-02T13:09:28.528,c12/B2,0.276980489,832,-1664,100,100,10,33811,33811,10
814,1012,2021-07-02T13:09:28.528,c12/B13,0,832,-1664,273,273,10,0,0,10
815,1012,2021-07-02T13:09:28.528,c12/N77,0,832,-1664,100,100,10,0,0,10
816,1013,2021-07-02T13:09:28.528,c13/B2,0.268818378,1664,-1109,75,75,10,32814,32814,10
817,1013,2021-07-02T13:09:28.528,c13/B13,0,1664,-1109,273,273,10,0,0,10
818,1013,2021-07-02T13:09:28.528,c13/N77,1.14095521,1664,-1109,273,273,10,139276,139276,10
819,1001,2021-07-02T13:09:28.538,c1/B2,0,0,0,273,273,10,0,0,10
820,1001,2021-07-02T13:09:28.538,c1/B13,1.155709863,0,0,273,273,10,141077,141077,10
821,1001,2021-07-02T13:09:28.538,c1/N77,0,0,0,273,273,10,0,0,10
822,1002,2021-07-02T13:09:28.538,c2/B2,0,-832,-555,75,75,10,0,0,10
823,1002,2021-07-02T13:09:28.538,c2/B13,0.75,-832,-555,273,273,10,91552,91552,10
824,1002,2021-07-02T13:09:28.538,c2/N77,0.191751063,-832,-555,100,100,10,23407,23407,10
825,1003,2021-07-02T13:09:28.538,c3/B2,0.260751963,-139,-1109,100,100,10,31830,31830,10
826,1003,2021-07-02T13:09:28.538,c3/B13,0.351348728,-139,-1109,75,75,10,42889,42889,10
827,1003,2021-07-02T13:09:28.538,c3/N77,0.253565043,-139,-1109,100,100,10,30952,30952,10
828,1004,2021-07-02T13:09:28.538,c4/B2,0.75,832,-555,273,273,10,91552,91552,10
829,1004,2021-07-02T13:09:28.538,c4/B13,0.27494657,832,-555,75,75,10,33562,33562,10
830,1004,2021-07-02T13:09:28.538,c4/N77,0.335929304,832,-555,75,75,10,41006,41006,10
831,1005,2021-07-02T13:09:28.538,c5/B2,0.75,832,555,273,273,10,91552,91552,10
832,1005,2021-07-02T13:09:28.538,c5/B13,0.358054638,832,555,75,75,10,43707,43707,10
833,1005,2021-07-02T13:09:28.538,c5/N77,0,832,555,100,100,10,0,0,10
834,1006,2021-07-02T13:09:28.538,c6/B2,0,0,1109,75,75,10,0,0,10
835,1006,2021-07-02T13:09:28.538,c6/B13,0,0,1109,100,100,10,0,0,10
836,1006,2021-07-02T13:09:28.538,c6/N77,0.334373206,0,1109,75,75,10,40817,40817,10
837,1007,2021-07-02T13:09:28.538,c7/B2,0,-832,555,100,100,10,0,0,10
838,1007,2021-07-02T13:09:28.538,c7/B13,0.973930478,-832,555,273,273,10,118888,118888,10
839,1007,2021-07-02T13:09:28.538,c7/N77,0.75,-832,555,273,273,10,91552,91552,10
840,1008,2021-07-02T13:09:28.538,c8/B2,0.27233991,-1664,0,100,100,10,33244,33244,10
841,1008,2021-07-02T13:09:28.538,c8/B13,0.278778255,-1664,0,100,100,10,34030,34030,10
842,1008,2021-07-02T13:09:28.538,c8/N77,0.200000003,-1664,0,273,273,10,24414,24414,10
843,1009,2021-07-02T13:09:28.538,c9/B2,0.269967198,-1941,-1109,75,75,10,32954,32954,10
844,1009,2021-07-02T13:09:28.538,c9/B13,0,-1941,-1109,273,273,10,0,0,10
845,1009,2021-07-02T13:09:28.538,c9/N77,0.250317693,-1941,-1109,75,75,10,30556,30556,10
846,1010,2021-07-02T13:09:28.538,c10/B2,0.80617559,-1109,-1664,273,273,10,98410,98410,10
847,1010,2021-07-02T13:09:28.538,c10/B13,0.200000003,-1109,-1664,75,75,10,24414,24414,10
848,1010,2021-07-02T13:09:28.538,c10/N77,0.262320757,-1109,-1664,75,75,10,32021,32021,10
849,1011,2021-07-02T13:09:28.538,c11/B2,0,0,-2219,100,100,10,0,0,10
850,1011,2021-07-02T13:09:28.538,c11/B13,0.278798819,0,-2219,75,75,10,34033,34033,10
851,1011,2021-07-02T13:09:28.538,c11/N77,0,0,-2219,100,100,10,0,0,10
852,1012,2021-07-02T13:09:28.538,c12/B2,0,832,-1664,75,75,10,0,0,10
853,1012,2021-07-02T13:09:28.538,c12/B13,0.931864619,832,-1664,273,273,10,113753,113753,10
854,1012,2021-07-02T13:09:28.538,c12/N77,0,832,-1664,100,100,10,0,0,10
855,1013,2021-07-02T13:09:28.538,c13/B2,0,1664,-1109,273,273,10,0,0,10
856,1013,2021-07-02T13:09:28.538,c13/B13,0,1664,-1109,100,100,10,0,0,10
857,1013,2021-07-02T13:09:28.538,c13/N77,0.278838784,1664,-1109,100,100,10,34037,34037,10
858,1001,2021-07-02T13:09:28.548,c1/B2,0,0,0,100,100,10,0,0,10
859,1001,2021-07-02T13:09:28.548,c1/B13,0.280700475,0,0,100,100,10,34265,34265,10
860,1001,2021-07-02T13:09:28.548,c1/N77,0.27233991,0,0,100,100,10,33244,33244,10
861,1002,2021-07-02T13:09:28.548,c2/B2,0.357365996,-832,-555,75,75,10,43623,43623,10
862,1002,2021-07-02T13:09:28.548,c2/B13,0.261869609,-832,-555,100,100,10,31966,31966,10
863,1002,2021-07-02T13:09:28.548,c2/N77,0,-832,-555,273,273,10,0,0,10
864,1003,2021-07-02T13:09:28.548,c3/B2,0,-139,-1109,273,273,10,0,0,10
865,1003,2021-07-02T13:09:28.548,c3/B13,1.173357487,-139,-1109,273,273,10,143232,143232,10
866,1003,2021-07-02T13:09:28.548,c3/N77,0.191751063,-139,-1109,100,100,10,23407,23407,10
867,1004,2021-07-02T13:09:28.548,c4/B2,0,832,-555,75,75,10,0,0,10
868,1004,2021-07-02T13:09:28.548,c4/B13,0.75,832,-555,273,273,10,91552,91552,10
869,1004,2021-07-02T13:09:28.548,c4/N77,0.75,832,-555,273,273,10,91552,91552,10
870,1005,2021-07-02T13:09:28.548,c5/B2,0.75,832,555,273,273,10,91552,91552,10
871,1005,2021-07-02T13:09:28.548,c5/B13,0.354570657,832,555,75,75,10,43282,43282,10
872,1005,2021-07-02T13:09:28.548,c5/N77,0.253565043,832,555,100,100,10,30952,30952,10
873,1006,2021-07-02T13:09:28.548,c6/B2,0.334726781,0,1109,75,75,10,40860,40860,10
874,1006,2021-07-02T13:09:28.548,c6/B13,0.275014371,0,1109,75,75,10,33571,33571,10
875,1006,2021-07-02T13:09:28.548,c6/N77,0.75,0,1109,273,273,10,91552,91552,10
876,1007,2021-07-02T13:09:28.548,c7/B2,0,-832,555,100,100,10,0,0,10
877,1007,2021-07-02T13:09:28.548,c7/B13,0,-832,555,100,100,10,0,0,10
878,1007,2021-07-02T13:09:28.548,c7/N77,0,-832,555,75,75,10,0,0,10
879,1008,2021-07-02T13:09:28.548,c8/B2,0.980508626,-1664,0,273,273,10,119690,119690,10
880,1008,2021-07-02T13:09:28.548,c8/B13,0.336106449,-1664,0,75,75,10,41028,41028,10
881,1008,2021-07-02T13:09:28.548,c8/N77,0,-1664,0,100,100,10,0,0,10
882,1009,2021-07-02T13:09:28.548,c9/B2,0,-1941,-1109,273,273,10,0,0,10
883,1009,2021-07-02T13:09:28.548,c9/B13,0.200000003,-1941,-1109,75,75,10,24414,24414,10
884,1009,2021-07-02T13:09:28.548,c9/N77,0.271135122,-1941,-1109,75,75,10,33097,33097,10
885,1010,2021-07-02T13:09:28.548,c10/B2,0.281282842,-1109,-1664,100,100,10,34336,34336,10
886,1010,2021-07-02T13:09:28.548,c10/B13,0.200000003,-1109,-1664,273,273,10,24414,24414,10
887,1010,2021-07-02T13:09:28.548,c10/N77,0.807733595,-1109,-1664,273,273,10,98600,98600,10
888,1011,2021-07-02T13:09:28.548,c11/B2,0,0,-2219,273,273,10,0,0,10
889,1011,2021-07-02T13:09:28.548,c11/B13,0.251939356,0,-2219,75,75,10,30754,30754,10
890,1011,2021-07-02T13:09:28.548,c11/N77,0,0,-2219,100,100,10,0,0,10
891,1012,2021-07-02T13:09:28.548,c12/B2,0.27858153,832,-1664,75,75,10,34006,34006,10
892,1012,2021-07-02T13:09:28.548,c12/B13,0.263656914,832,-1664,75,75,10,32184,32184,10
893,1012,2021-07-02T13:09:28.548,c12/N77,0,832,-1664,100,100,10,0,0,10
894,1013,2021-07-02T13:09:28.548,c13/B2,0.935686886,1664,-1109,273,273,10,114219,114219,10
895,1013,2021-07-02T13:09:28.548,c13/B13,0,1664,-1109,100,100,10,0,0,10
896,1013,2021-07-02T13:09:28.548,c13/N77,0,1664,-1109,75,75,10,0,0,10
897,1001,2021-07-02T13:09:28.558,c1/B2,0,0,0,100,100,10,0,0,10
898,1001,2021-07-02T13:09:28.558,c1/B13,0,0,0,75,75,10,0,0,10
899,1001,2021-07-02T13:09:28.558,c1/N77,0.987495303,0,0,273,273,10,120543,120543,10
900,1002,2021-07-02T13:09:28.558,c2/B2,0.357521892,-832,-555,75,75,10,43642,43642,10
901,1002,2021-07-02T13:09:28.558,c2/B13,0,-832,-555,273,273,10,0,0,10
902,1002,2021-07-02T13:09:28.558,c2/N77,0.27233991,-832,-555,100,100,10,33244,33244,10
903,1003,2021-07-02T13:09:28.558,c3/B2,0,-139,-1109,100,100,10,0,0,10
904,1003,2021-07-02T13:09:28.558,c3/B13,0.282563418,-139,-1109,100,100,10,34492,34492,10
905,1003,2021-07-02T13:09:28.558,c3/N77,0,-139,-1109,273,273,10,0,0,10
906,1004,2021-07-02T13:09:28.558,c4/B2,0.356667608,832,-555,75,75,10,43538,43538,10
907,1004,2021-07-02T13:09:28.558,c4/B13,0.262994736,832,-555,100,100,10,32103,32103,10
908,1004,2021-07-02T13:09:28.558,c4/N77,0.75,832,-555,273,273,10,91552,91552,10
909,1005,2021-07-02T13:09:28.558,c5/B2,0,832,555,75,75,10,0,0,10
910,1005,2021-07-02T13:09:28.558,c5/B13,1.194514513,832,555,273,273,10,145814,145814,10
911,1005,2021-07-02T13:09:28.558,c5/N77,0.191751063,832,555,100,100,10,23407,23407,10
912,1006,2021-07-02T13:09:28.558,c6/B2,0.75,0,1109,273,273,10,91552,91552,10
913,1006,2021-07-02T13:09:28.558,c6/B13,0.75,0,1109,273,273,10,91552,91552,10
914,1006,2021-07-02T13:09:28.558,c6/N77,0,0,1109,75,75,10,0,0,10
915,1007,2021-07-02T13:09:28.558,c7/B2,0.275080383,-832,555,75,75,10,33579,33579,10
916,1007,2021-07-02T13:09:28.558,c7/B13,0.253565043,-832,555,100,100,10,30952,30952,10
917,1007,2021-07-02T13:09:28.558,c7/N77,0.333576143,-832,555,75,75,10,40719,40719,10
918,1008,2021-07-02T13:09:28.558,c8/B2,0,-1664,0,100,100,10,0,0,10
919,1008,2021-07-02T13:09:28.558,c8/B13,0.75,-1664,0,273,273,10,91552,91552,10
920,1008,2021-07-02T13:09:28.558,c8/N77,0,-1664,0,100,100,10,0,0,10
921,1009,2021-07-02T13:09:28.558,c9/B2,0.93957305,-1941,-1109,273,273,10,114693,114693,10
922,1009,2021-07-02T13:09:28.558,c9/B13,0.200000003,-1941,-1109,273,273,10,24414,24414,10
923,1009,2021-07-02T13:09:28.558,c9/N77,0,-1941,-1109,273,273,10,0,0,10
924,1010,2021-07-02T13:09:28.558,c10/B2,0.337962598,-1109,-1664,75,75,10,41255,41255,10
925,1010,2021-07-02T13:09:28.558,c10/B13,0,-1109,-1664,100,100,10,0,0,10
926,1010,2021-07-02T13:09:28.558,c10/N77,0.283845156,-1109,-1664,100,100,10,34649,34649,10
927,1011,2021-07-02T13:09:28.558,c11/B2,0.200000003,0,-2219,75,75,10,24414,24414,10
928,1011,2021-07-02T13:09:28.558,c11/B13,0.272322148,0,-2219,75,75,10,33242,33242,10
929,1011,2021-07-02T13:09:28.558,c11/N77,0,0,-2219,100,100,10,0,0,10
930,1012,2021-07-02T13:09:28.558,c12/B2,0.253593057,832,-1664,75,75,10,30956,30956,10
931,1012,2021-07-02T13:09:28.558,c12/B13,0.809317052,832,-1664,273,273,10,98793,98793,10
932,1012,2021-07-02T13:09:28.558,c12/N77,0,832,-1664,273,273,10,0,0,10
933,1013,2021-07-02T13:09:28.558,c13/B2,0.264988869,1664,-1109,75,75,10,32347,32347,10
934,1013,2021-07-02T13:09:28.558,c13/B13,0,1664,-1109,100,100,10,0,0,10
935,1013,2021-07-02T13:09:28.558,c13/N77,0.278374642,1664,-1109,75,75,10,33981,33981,10
936,1001,2021-07-02T13:09:28.568,c1/B2,0,0,0,100,100,10,0,0,10
937,1001,2021-07-02T13:09:28.568,c1/B13,0.27817902,0,0,75,75,10,33957,33957,10
938,1001,2021-07-02T13:09:28.568,c1/N77,0,0,0,100,100,10,0,0,10
939,1002,2021-07-02T13:09:28.568,c2/B2,1.208523512,-832,-555,273,273,10,147524,147524,10
940,1002,2021-07-02T13:09:28.568,c2/B13,0,-832,-555,100,100,10,0,0,10
941,1002,2021-07-02T13:09:28.568,c2/N77,0.994851232,-832,-555,273,273,10,121441,121441,10
942,1003,2021-07-02T13:09:28.568,c3/B2,0,-139,-1109,100,100,10,0,0,10
943,1003,2021-07-02T13:09:28.568,c3/B13,0,-139,-1109,75,75,10,0,0,10
944,1003,2021-07-02T13:09:28.568,c3/N77,0.27233991,-139,-1109,100,100,10,33244,33244,10
945,1004,2021-07-02T13:09:28.568,c4/B2,0.360114843,832,-555,75,75,10,43959,43959,10
946,1004,2021-07-02T13:09:28.568,c4/B13,0,832,-555,273,273,10,0,0,10
947,1004,2021-07-02T13:09:28.568,c4/N77,0,832,-555,75,75,10,0,0,10
948,1005,2021-07-02T13:09:28.568,c5/B2,0.35596934,832,555,75,75,10,43453,43453,10
949,1005,2021-07-02T13:09:28.568,c5/B13,0.28442508,832,555,100,100,10,34719,34719,10
950,1005,2021-07-02T13:09:28.568,c5/N77,0,832,555,273,273,10,0,0,10
951,1006,2021-07-02T13:09:28.568,c6/B2,0.75,0,1109,273,273,10,91552,91552,10
952,1006,2021-07-02T13:09:28.568,c6/B13,0.264123619,0,1109,100,100,10,32241,32241,10
953,1006,2021-07-02T13:09:28.568,c6/N77,0.33247444,0,1109,75,75,10,40585,40585,10
954,1007,2021-07-02T13:09:28.568,c7/B2,0.75,-832,555,273,273,10,91552,91552,10
955,1007,2021-07-02T13:09:28.568,c7/B13,0.191751063,-832,555,100,100,10,23407,23407,10
956,1007,2021-07-02T13:09:28.568,c7/N77,0.75,-832,555,273,273,10,91552,91552,10
957,1008,2021-07-02T13:09:28.568,c8/B2,0.253565043,-1664,0,100,100,10,30952,30952,10
958,1008,2021-07-02T13:09:28.568,c8/B13,0,-1664,0,75,75,10,0,0,10
959,1008,2021-07-02T13:09:28.568,c8/N77,0.275144607,-1664,0,75,75,10,33586,33586,10
960,1009,2021-07-02T13:09:28.568,c9/B2,0.266314536,-1941,-1109,75,75,10,32509,32509,10
961,1009,2021-07-02T13:09:28.568,c9/B13,0,-1941,-1109,100,100,10,0,0,10
962,1009,2021-07-02T13:09:28.568,c9/N77,0.943524301,-1941,-1109,273,273,10,115176,115176,10
963,1010,2021-07-02T13:09:28.568,c10/B2,0.75,-1109,-1664,273,273,10,91552,91552,10
964,1010,2021-07-02T13:09:28.568,c10/B13,0,-1109,-1664,100,100,10,0,0,10
965,1010,2021-07-02T13:09:28.568,c10/N77,0.339954257,-1109,-1664,75,75,10,41498,41498,10
966,1011,2021-07-02T13:09:28.568,c11/B2,0.200000003,0,-2219,273,273,10,24414,24414,10
967,1011,2021-07-02T13:09:28.568,c11/B13,0,0,-2219,273,273,10,0,0,10
968,1011,2021-07-02T13:09:28.568,c11/N77,0,0,-2219,273,273,10,0,0,10
969,1012,2021-07-02T13:09:28.568,c12/B2,0.273528188,832,-1664,75,75,10,33389,33389,10
970,1012,2021-07-02T13:09:28.568,c12/B13,0.286467582,832,-1664,100,100,10,34969,34969,10
971,1012,2021-07-02T13:09:28.568,c12/N77,0.200000003,832,-1664,75,75,10,24414,24414,10
972,1013,2021-07-02T13:09:28.568,c13/B2,0.810926855,1664,-1109,273,273,10,98990,98990,10
973,1013,2021-07-02T13:09:28.568,c13/B13,0,1664,-1109,100,100,10,0,0,10
974,1013,2021-07-02T13:09:28.568,c13/N77,0.255280048,1664,-1109,75,75,10,31162,31162,10
975,1001,2021-07-02T13:09:28.578,c1/B2,0,0,0,100,100,10,0,0,10
976,1001,2021-07-02T13:09:28.578,c1/B13,0.257001519,0,0,75,75,10,31372,31372,10
977,1001,2021-07-02T13:09:28.578,c1/N77,0.253565043,0,0,100,100,10,30952,30952,10
978,1002,2021-07-02T13:09:28.578,c2/B2,0.286282778,-832,-555,100,100,10,34946,34946,10
979,1002,2021-07-02T13:09:28.578,c2/B13,0,-832,-555,100,100,10,0,0,10
980,1002,2021-07-02T13:09:28.578,c2/N77,0,-832,-555,100,100,10,0,0,10
981,1003,2021-07-02T13:09:28.578,c3/B2,0,-139,-1109,100,100,10,0,0,10
982,1003,2021-07-02T13:09:28.578,c3/B13,0.277995288,-139,-1109,75,75,10,33934,33934,10
983,1003,2021-07-02T13:09:28.578,c3/N77,1.002457619,-139,-1109,273,273,10,122370,122370,10
984,1004,2021-07-02T13:09:28.578,c4/B2,1.192306638,832,-555,273,273,10,145545,145545,10
985,1004,2021-07-02T13:09:28.578,c4/B13,0,832,-555,100,100,10,0,0,10
986,1004,2021-07-02T13:09:28.578,c4/N77,0.355278313,832,-555,75,75,10,43368,43368,10
987,1005,2021-07-02T13:09:28.578,c5/B2,0.362258136,832,555,75,75,10,44220,44220,10
988,1005,2021-07-02T13:09:28.578,c5/B13,0,832,555,75,75,10,0,0,10
989,1005,2021-07-02T13:09:28.578,c5/N77,0.27233991,832,555,100,100,10,33244,33244,10
990,1006,2021-07-02T13:09:28.578,c6/B2,0,0,1109,75,75,10,0,0,10
991,1006,2021-07-02T13:09:28.578,c6/B13,0,0,1109,273,273,10,0,0,10
992,1006,2021-07-02T13:09:28.578,c6/N77,0.75,0,1109,273,273,10,91552,91552,10
993,1007,2021-07-02T13:09:28.578,c7/B2,0.265251756,-832,555,100,100,10,32379,32379,10
994,1007,2021-07-02T13:09:28.578,c7/B13,0,-832,555,273,273,10,0,0,10
995,1007,2021-07-02T13:09:28.578,c7/N77,0.75,-832,555,273,273,10,91552,91552,10
996,1008,2021-07-02T13:09:28.578,c8/B2,0.191751063,-1664,0,100,100,10,23407,23407,10
997,1008,2021-07-02T13:09:28.578,c8/B13,0.331418812,-1664,0,75,75,10,40456,40456,10
998,1008,2021-07-02T13:09:28.578,c8/N77,0.75,-1664,0,273,273,10,91552,91552,10
999,1009,2021-07-02T13:09:28.578,c9/B2,0.812563837,-1941,-1109,273,273,10,99189,99189,10
